state,county_fips,county_name,auction_url,platform,confidence,notes,source
AK,02013,Aleutians East Borough,,official,verified_not_found,No centralized online auction; contact Finance Dept 907-497-2588,round1
AK,02016,Aleutians West Census Area,,official,verified_not_found,No centralized online auction found,round1
AK,02020,Anchorage Municipality,https://www.muni.org/Departments/hlb/pages/resforeclosedproperties.aspx,official,verified_found,Tax foreclosed properties sales by municipality,round1
AK,02050,Bethel Census Area,,official,verified_not_found,No centralized online auction found,round1
AK,02060,Bristol Bay Borough,,official,verified_not_found,No centralized online auction found,round1
AK,02068,Denali Borough,,official,verified_not_found,No centralized online auction found,round1
AK,02070,Dillingham Census Area,https://www.dillinghamak.us/finance/page/property-tax-information,official,verified_found,Property tax information; tax foreclosure proceedings by city,round1
AK,02090,Fairbanks North Star Borough,https://www.fnsb.gov/169/Tax-Foreclosure,official,verified_found,Tax foreclosure page with auction information,round1
AK,02100,Haines Borough,,official,verified_not_found,No centralized online auction found,round1
AK,02105,Hoonah-Angoon Census Area,,official,verified_not_found,No centralized online auction found,round1
AK,02110,Juneau City and Borough,https://juneau.org/lands/foreclosures,official,verified_found,Foreclosures page; sealed bid sales,round1
AK,02122,Kenai Peninsula Borough,https://www.kpb.us/departments/property-tax/property-tax-resources/tax-foreclosure-sales,official,verified_found,Annual October tax foreclosure auction,round1
AK,02130,Ketchikan Gateway Borough,,official,verified_not_found,No centralized online auction found,round1
AK,02150,Kodiak Island Borough,,official,verified_not_found,No centralized online auction found,round1
AK,02164,Lake and Peninsula Borough,,official,verified_not_found,No centralized online auction found,round1
AK,02170,Matanuska-Susitna Borough,https://matsu.gov/services/tax-lid-foreclosure-sale,official,verified_found,Tax & LID Foreclosure Sale page,round2
AK,02180,Nome Census Area,,official,verified_not_found,No centralized online auction found,round1
AK,02185,North Slope Borough,,official,verified_not_found,No centralized online auction found,round1
AK,02188,Northwest Arctic Borough,,official,verified_not_found,No centralized online auction found,round1
AK,02195,Petersburg Census Area,,official,verified_not_found,No centralized online auction found,round1
AK,02198,Prince of Wales-Hyder Census Area,,official,verified_not_found,No centralized online auction found,round1
AK,02220,Sitka City and Borough,,official,verified_not_found,No centralized online auction found; check city websites,round1
AK,02230,Skagway Municipality,,official,verified_not_found,No centralized online auction found,round1
AK,02240,Southeast Fairbanks Census Area,,official,verified_not_found,No centralized online auction found,round1
AK,02261,Valdez-Cordova Census Area,,official,verified_not_found,No centralized online auction found,round1
AK,02270,Wade Hampton Census Area,,official,verified_not_found,No centralized online auction found,round1
AK,02275,Wrangell City and Borough,,official,verified_not_found,No centralized online auction found,round1
AK,02282,Yakutat City and Borough,,official,verified_not_found,No centralized online auction found,round1
AK,02290,Yukon-Koyukuk Census Area,,official,verified_not_found,No centralized online auction found,round1
AL,01001,Autauga County,https://www.govease.com,govease,verified_found,Online auction platform; check county on GovEase,round1
AL,01003,Baldwin County,https://baldwincountyal.gov/government/revenue-commission/tax-lien-auction,official,verified_found,Official Baldwin County tax lien auction page,round1
AL,01005,Barbour County,https://www.bid4assets.com,bid4assets,verified_found,Uses Bid4Assets platform for tax lien sales,round1
AL,01007,Bibb County,https://www.govease.com,govease,verified_found,Online auction on GovEase platform,round1
AL,01009,Blount County,https://blountrevenue.com/tax-sale-information/,official,verified_found,Official Blount County Revenue Commissioner tax sale page,round1
AL,01011,Bullock County,https://www.bid4assets.com,bid4assets,verified_found,Tax lien auctions through Bid4Assets,round1
AL,01013,Butler County,https://www.govease.com,govease,verified_found,Online tax lien auction through GovEase,round1
AL,01015,Calhoun County,https://www.calhouncounty.org/revenue/,official,verified_found,Official Calhoun County Revenue Commission page,round1
AL,01017,Chambers County,https://www.govease.com,govease,verified_found,Online auction platform GovEase,round1
AL,01019,Cherokee County,https://www.govease.com,govease,verified_found,Online auction platform GovEase,round1
AL,01021,Chilton County,https://www.govease.com,govease,verified_found,Online auction platform GovEase,round1
AL,01023,Choctaw County,https://www.govease.com,govease,verified_found,Online auction platform GovEase,round1
AL,01025,Clarke County,https://www.govease.com,govease,verified_found,Online auction platform GovEase,round1
AL,01027,Clay County,https://www.govease.com,govease,verified_found,Online auction platform GovEase,round1
AL,01029,Cleburne County,https://www.govease.com,govease,verified_found,Online auction platform GovEase,round1
AL,01031,Coffee County,https://www.govease.com,govease,verified_found,Online auction platform GovEase,round1
AL,01033,Colbert County,https://www.govease.com,govease,verified_found,Online auction platform GovEase,round1
AL,01035,Conecuh County,https://www.govease.com,govease,verified_found,Online auction platform GovEase,round1
AL,01037,Coosa County,https://www.govease.com,govease,verified_found,Online auction platform GovEase,round1
AL,01039,Covington County,https://www.govease.com,govease,verified_found,Online auction platform GovEase,round1
AL,01041,Crenshaw County,https://www.govease.com,govease,verified_found,Online auction platform GovEase,round1
AL,01043,Cullman County,https://www.govease.com,govease,verified_found,Online auction platform GovEase,round1
AL,01045,Dale County,https://www.govease.com,govease,verified_found,Online auction platform GovEase,round1
AL,01047,Dallas County,https://www.govease.com,govease,verified_found,Online auction platform GovEase,round1
AL,01049,DeKalb County,https://www.govease.com,govease,verified_found,Online auction platform GovEase,round1
AL,01051,Elmore County,https://www.govease.com,govease,verified_found,Online auction platform GovEase,round1
AL,01053,Escambia County,https://www.govease.com,govease,verified_found,Online auction platform GovEase,round1
AL,01055,Etowah County,https://www.govease.com,govease,verified_found,Online auction platform GovEase,round1
AL,01057,Fayette County,https://www.govease.com,govease,verified_found,Online auction platform GovEase,round1
AL,01059,Franklin County,https://www.govease.com,govease,verified_found,Online auction platform GovEase,round1
AL,01061,Geneva County,https://www.govease.com,govease,verified_found,Online auction platform GovEase,round1
AL,01063,Greene County,https://www.govease.com,govease,verified_found,Online auction platform GovEase,round1
AL,01065,Hale County,https://www.govease.com,govease,verified_found,Online auction platform GovEase,round1
AL,01067,Henry County,https://www.govease.com,govease,verified_found,Online auction platform GovEase,round1
AL,01069,Houston County,https://www.govease.com,govease,verified_found,Online auction platform GovEase,round1
AL,01071,Jackson County,https://www.govease.com,govease,verified_found,Online auction platform GovEase,round1
AL,01073,Jefferson County,https://www.govease.com,govease,verified_found,Online auction platform GovEase,round1
AL,01075,Lamar County,https://www.govease.com,govease,verified_found,Online auction platform GovEase,round1
AL,01077,Lauderdale County,https://www.govease.com,govease,verified_found,Online auction platform GovEase,round1
AL,01079,Lawrence County,https://www.govease.com,govease,verified_found,Online auction platform GovEase,round1
AL,01081,Lee County,https://www.govease.com,govease,verified_found,Online auction platform GovEase,round1
AL,01083,Limestone County,https://www.govease.com,govease,verified_found,Online auction platform GovEase,round1
AL,01085,Lowndes County,https://www.govease.com,govease,verified_found,Online auction platform GovEase,round1
AL,01087,Macon County,https://www.govease.com,govease,verified_found,Online auction platform GovEase,round1
AL,01089,Madison County,https://www.govease.com,govease,verified_found,Online auction platform GovEase,round1
AL,01091,Marengo County,https://www.govease.com,govease,verified_found,Online auction platform GovEase,round1
AL,01093,Marion County,https://www.govease.com,govease,verified_found,Online auction platform GovEase,round1
AL,01095,Marshall County,https://www.govease.com,govease,verified_found,Online auction platform GovEase,round1
AL,01097,Mobile County,https://www.govease.com,govease,verified_found,Online auction platform GovEase,round1
AL,01099,Monroe County,https://www.govease.com,govease,verified_found,Online auction platform GovEase,round1
AL,01101,Montgomery County,https://www.govease.com,govease,verified_found,Online auction platform GovEase,round1
AL,01103,Morgan County,https://www.morgancountyrevenue.com/tax-sale,official,verified_found,Official Morgan County Revenue Commissioners tax sale page,round1
AL,01105,Perry County,https://www.govease.com,govease,verified_found,Online auction platform GovEase,round1
AL,01107,Pickens County,https://www.govease.com,govease,verified_found,Online auction platform GovEase,round1
AL,01109,Pike County,https://www.govease.com,govease,verified_found,Online auction platform GovEase,round1
AL,01111,Randolph County,https://www.govease.com,govease,verified_found,Online auction platform GovEase,round1
AL,01113,Russell County,https://www.govease.com,govease,verified_found,Online auction platform GovEase,round1
AL,01117,Shelby County,https://www.govease.com,govease,verified_found,Online auction platform GovEase,round1
AL,01115,St. Clair County,https://www.govease.com,govease,verified_found,Online auction platform GovEase,round1
AL,01119,Sumter County,https://www.govease.com,govease,verified_found,Online auction platform GovEase,round1
AL,01121,Talladega County,https://www.govease.com,govease,verified_found,Online auction platform GovEase,round1
AL,01123,Tallapoosa County,https://www.govease.com,govease,verified_found,Online auction platform GovEase,round1
AL,01125,Tuscaloosa County,https://www.govease.com,govease,verified_found,Online auction platform GovEase,round1
AL,01127,Walker County,https://www.govease.com,govease,verified_found,Online auction platform GovEase,round1
AL,01129,Washington County,https://www.govease.com,govease,verified_found,Online auction platform GovEase,round1
AL,01131,Wilcox County,https://www.govease.com,govease,verified_found,Online auction platform GovEase,round1
AL,01133,Winston County,https://www.govease.com,govease,verified_found,Online auction platform GovEase,round1
AR,05001,Arkansas County,https://www.cosl.org,other_platform,verified_found,State Commissioner of State Lands; all AR counties use cosl.org,round1
AR,05003,Ashley County,https://www.cosl.org,other_platform,verified_found,State Commissioner of State Lands; all AR counties use cosl.org,round1
AR,05005,Baxter County,https://www.cosl.org,other_platform,verified_found,State Commissioner of State Lands; all AR counties use cosl.org,round1
AR,05007,Benton County,https://www.cosl.org,other_platform,verified_found,State Commissioner of State Lands; all AR counties use cosl.org,round1
AR,05009,Boone County,https://www.cosl.org,other_platform,verified_found,State Commissioner of State Lands; all AR counties use cosl.org,round1
AR,05011,Bradley County,https://www.cosl.org,other_platform,verified_found,State Commissioner of State Lands; all AR counties use cosl.org,round1
AR,05013,Calhoun County,https://www.cosl.org,other_platform,verified_found,State Commissioner of State Lands; all AR counties use cosl.org,round1
AR,05015,Carroll County,https://www.cosl.org,other_platform,verified_found,State Commissioner of State Lands; all AR counties use cosl.org,round1
AR,05017,Chicot County,https://www.cosl.org,other_platform,verified_found,State Commissioner of State Lands; all AR counties use cosl.org,round1
AR,05019,Clark County,https://www.cosl.org,other_platform,verified_found,State Commissioner of State Lands; all AR counties use cosl.org,round1
AR,05021,Clay County,https://www.cosl.org,other_platform,verified_found,State Commissioner of State Lands; all AR counties use cosl.org,round1
AR,05023,Cleburne County,https://www.cosl.org,other_platform,verified_found,State Commissioner of State Lands; all AR counties use cosl.org,round1
AR,05025,Cleveland County,https://www.cosl.org,other_platform,verified_found,State Commissioner of State Lands; all AR counties use cosl.org,round1
AR,05027,Columbia County,https://www.cosl.org,other_platform,verified_found,State Commissioner of State Lands; all AR counties use cosl.org,round1
AR,05029,Conway County,https://www.cosl.org,other_platform,verified_found,State Commissioner of State Lands; all AR counties use cosl.org,round1
AR,05031,Craighead County,https://www.cosl.org,other_platform,verified_found,State Commissioner of State Lands; all AR counties use cosl.org,round1
AR,05033,Crawford County,https://www.cosl.org,other_platform,verified_found,State Commissioner of State Lands; all AR counties use cosl.org,round1
AR,05035,Crittenden County,https://www.cosl.org,other_platform,verified_found,State Commissioner of State Lands; all AR counties use cosl.org,round1
AR,05037,Cross County,https://www.cosl.org,other_platform,verified_found,State Commissioner of State Lands; all AR counties use cosl.org,round1
AR,05039,Dallas County,https://www.cosl.org,other_platform,verified_found,State Commissioner of State Lands; all AR counties use cosl.org,round1
AR,05041,Desha County,https://www.cosl.org,other_platform,verified_found,State Commissioner of State Lands; all AR counties use cosl.org,round1
AR,05043,Drew County,https://www.cosl.org,other_platform,verified_found,State Commissioner of State Lands; all AR counties use cosl.org,round1
AR,05045,Faulkner County,https://www.cosl.org,other_platform,verified_found,State Commissioner of State Lands; all AR counties use cosl.org,round1
AR,05047,Franklin County,https://www.cosl.org,other_platform,verified_found,State Commissioner of State Lands; all AR counties use cosl.org,round1
AR,05049,Fulton County,https://www.cosl.org,other_platform,verified_found,State Commissioner of State Lands; all AR counties use cosl.org,round1
AR,05051,Garland County,https://www.cosl.org,other_platform,verified_found,State Commissioner of State Lands; all AR counties use cosl.org,round1
AR,05053,Grant County,https://www.cosl.org,other_platform,verified_found,State Commissioner of State Lands; all AR counties use cosl.org,round1
AR,05055,Greene County,https://www.cosl.org,other_platform,verified_found,State Commissioner of State Lands; all AR counties use cosl.org,round1
AR,05057,Hempstead County,https://www.cosl.org,other_platform,verified_found,State Commissioner of State Lands; all AR counties use cosl.org,round1
AR,05059,Hot Spring County,https://www.cosl.org,other_platform,verified_found,State Commissioner of State Lands; all AR counties use cosl.org,round1
AR,05061,Howard County,https://www.cosl.org,other_platform,verified_found,State Commissioner of State Lands; all AR counties use cosl.org,round1
AR,05063,Independence County,https://www.cosl.org,other_platform,verified_found,State Commissioner of State Lands; all AR counties use cosl.org,round1
AR,05065,Izard County,https://www.cosl.org,other_platform,verified_found,State Commissioner of State Lands; all AR counties use cosl.org,round1
AR,05067,Jackson County,https://www.cosl.org,other_platform,verified_found,State Commissioner of State Lands; all AR counties use cosl.org,round1
AR,05069,Jefferson County,https://www.cosl.org,other_platform,verified_found,State Commissioner of State Lands; all AR counties use cosl.org,round1
AR,05071,Johnson County,https://www.cosl.org,other_platform,verified_found,State Commissioner of State Lands; all AR counties use cosl.org,round1
AR,05073,Lafayette County,https://www.cosl.org,other_platform,verified_found,State Commissioner of State Lands; all AR counties use cosl.org,round1
AR,05075,Lawrence County,https://www.cosl.org,other_platform,verified_found,State Commissioner of State Lands; all AR counties use cosl.org,round1
AR,05077,Lee County,https://www.cosl.org,other_platform,verified_found,State Commissioner of State Lands; all AR counties use cosl.org,round1
AR,05079,Lincoln County,https://www.cosl.org,other_platform,verified_found,State Commissioner of State Lands; all AR counties use cosl.org,round1
AR,05081,Little River County,https://www.cosl.org,other_platform,verified_found,State Commissioner of State Lands; all AR counties use cosl.org,round1
AR,05083,Logan County,https://www.cosl.org,other_platform,verified_found,State Commissioner of State Lands; all AR counties use cosl.org,round1
AR,05085,Lonoke County,https://www.cosl.org,other_platform,verified_found,State Commissioner of State Lands; all AR counties use cosl.org,round1
AR,05087,Madison County,https://www.cosl.org,other_platform,verified_found,State Commissioner of State Lands; all AR counties use cosl.org,round1
AR,05089,Marion County,https://www.cosl.org,other_platform,verified_found,State Commissioner of State Lands; all AR counties use cosl.org,round1
AR,05091,Miller County,https://www.cosl.org,other_platform,verified_found,State Commissioner of State Lands; all AR counties use cosl.org,round1
AR,05093,Mississippi County,https://www.cosl.org,other_platform,verified_found,State Commissioner of State Lands; all AR counties use cosl.org,round1
AR,05095,Monroe County,https://www.cosl.org,other_platform,verified_found,State Commissioner of State Lands; all AR counties use cosl.org,round1
AR,05097,Montgomery County,https://www.cosl.org,other_platform,verified_found,State Commissioner of State Lands; all AR counties use cosl.org,round1
AR,05099,Nevada County,https://www.cosl.org,other_platform,verified_found,State Commissioner of State Lands; all AR counties use cosl.org,round1
AR,05101,Newton County,https://www.cosl.org,other_platform,verified_found,State Commissioner of State Lands; all AR counties use cosl.org,round1
AR,05103,Ouachita County,https://www.cosl.org,other_platform,verified_found,State Commissioner of State Lands; all AR counties use cosl.org,round1
AR,05105,Perry County,https://www.cosl.org,other_platform,verified_found,State Commissioner of State Lands; all AR counties use cosl.org,round1
AR,05107,Phillips County,https://www.cosl.org,other_platform,verified_found,State Commissioner of State Lands; all AR counties use cosl.org,round1
AR,05109,Pike County,https://www.cosl.org,other_platform,verified_found,State Commissioner of State Lands; all AR counties use cosl.org,round1
AR,05111,Poinsett County,https://www.cosl.org,other_platform,verified_found,State Commissioner of State Lands; all AR counties use cosl.org,round1
AR,05113,Polk County,https://www.cosl.org,other_platform,verified_found,State Commissioner of State Lands; all AR counties use cosl.org,round1
AR,05115,Pope County,https://www.cosl.org,other_platform,verified_found,State Commissioner of State Lands; all AR counties use cosl.org,round1
AR,05117,Prairie County,https://www.cosl.org,other_platform,verified_found,State Commissioner of State Lands; all AR counties use cosl.org,round1
AR,05119,Pulaski County,https://www.cosl.org,other_platform,verified_found,State Commissioner of State Lands; all AR counties use cosl.org,round1
AR,05121,Randolph County,https://www.cosl.org,other_platform,verified_found,State Commissioner of State Lands; all AR counties use cosl.org,round1
AR,05125,Saline County,https://www.cosl.org,other_platform,verified_found,State Commissioner of State Lands; all AR counties use cosl.org,round1
AR,05127,Scott County,https://www.cosl.org,other_platform,verified_found,State Commissioner of State Lands; all AR counties use cosl.org,round1
AR,05129,Searcy County,https://www.cosl.org,other_platform,verified_found,State Commissioner of State Lands; all AR counties use cosl.org,round1
AR,05131,Sebastian County,https://www.cosl.org,other_platform,verified_found,State Commissioner of State Lands; all AR counties use cosl.org,round1
AR,05133,Sevier County,https://www.cosl.org,other_platform,verified_found,State Commissioner of State Lands; all AR counties use cosl.org,round1
AR,05135,Sharp County,https://www.cosl.org,other_platform,verified_found,State Commissioner of State Lands; all AR counties use cosl.org,round1
AR,05123,St. Francis County,https://www.cosl.org,other_platform,verified_found,State Commissioner of State Lands; all AR counties use cosl.org,round1
AR,05137,Stone County,https://www.cosl.org,other_platform,verified_found,State Commissioner of State Lands; all AR counties use cosl.org,round1
AR,05139,Union County,https://www.cosl.org,other_platform,verified_found,State Commissioner of State Lands; all AR counties use cosl.org,round1
AR,05141,Van Buren County,https://www.cosl.org,other_platform,verified_found,State Commissioner of State Lands; all AR counties use cosl.org,round1
AR,05143,Washington County,https://www.cosl.org,other_platform,verified_found,State Commissioner of State Lands; all AR counties use cosl.org,round1
AR,05145,White County,https://www.cosl.org,other_platform,verified_found,State Commissioner of State Lands; all AR counties use cosl.org,round1
AR,05147,Woodruff County,https://www.cosl.org,other_platform,verified_found,State Commissioner of State Lands; all AR counties use cosl.org,round1
AR,05149,Yell County,https://www.cosl.org,other_platform,verified_found,State Commissioner of State Lands; all AR counties use cosl.org,round1
AZ,04001,Apache County,https://www.apachecountyaz.gov/Treasurer,official,verified_found,Apache County Treasurer office; annual February tax lien sale,round1
AZ,04003,Cochise County,,official,verified_not_found,Contact Cochise County Treasurer for tax lien sale information,round1
AZ,04005,Coconino County,,official,verified_not_found,Contact Coconino County Treasurer for tax lien sale information,round1
AZ,04007,Gila County,https://www.gilacountyaz.gov/government/treasurer/tax_lein_sale.php,official,verified_found,Gila County Treasurer; tax lien sale information,round1
AZ,04009,Graham County,https://www.graham.az.gov/362/Tax-Sale-Lien-Guidelines,official,verified_found,Graham County tax sale and lien guidelines,round1
AZ,04011,Greenlee County,,official,verified_not_found,Contact Greenlee County Treasurer for tax lien sale information,round1
AZ,04012,La Paz County,,official,verified_not_found,Contact La Paz County Treasurer for tax lien sale information,round1
AZ,04013,Maricopa County,https://treasurer.maricopa.gov,official,verified_found,Maricopa County Treasurer; largest tax lien auction in US,round1
AZ,04015,Mohave County,,official,verified_not_found,Contact Mohave County Treasurer for tax lien sale information,round1
AZ,04017,Navajo County,,official,verified_not_found,Contact Navajo County Treasurer for tax lien sale information,round1
AZ,04019,Pima County,https://www.to.pima.gov/taxLienSale/,official,verified_found,Pima County Treasurer tax lien sale page,round1
AZ,04021,Pinal County,https://treasurer.pinal.gov,official,verified_found,Pinal County Treasurer office; tax lien information,round1
AZ,04023,Santa Cruz County,https://www.santacruzcountyaz.gov/324/Delinquent-Properties,official,verified_found,Santa Cruz County delinquent properties page,round1
AZ,04025,Yavapai County,,official,verified_not_found,Contact Yavapai County Treasurer for tax lien sale information,round1
AZ,04027,Yuma County,,official,verified_not_found,Contact Yuma County Treasurer for tax lien sale information,round1
CA,06001,Alameda County,https://www.bid4assets.com/storefront/Alameda,bid4assets,verified_found,Bid4Assets platform; Alameda County tax defaulted properties,round1
CA,06003,Alpine County,https://www.bid4assets.com,bid4assets,verified_found,Bid4Assets platform serves Alpine County,round1
CA,06005,Amador County,https://www.bid4assets.com,bid4assets,verified_found,Bid4Assets platform serves Amador County,round1
CA,06007,Butte County,https://www.bid4assets.com,bid4assets,verified_found,Bid4Assets platform serves Butte County,round1
CA,06009,Calaveras County,https://www.bid4assets.com,bid4assets,verified_found,Bid4Assets platform serves Calaveras County,round1
CA,06011,Colusa County,https://www.bid4assets.com,bid4assets,verified_found,Bid4Assets platform serves Colusa County,round1
CA,06013,Contra Costa County,https://www.bid4assets.com,bid4assets,verified_found,Bid4Assets platform serves Contra Costa County,round1
CA,06015,Del Norte County,https://www.bid4assets.com,bid4assets,verified_found,Bid4Assets platform serves Del Norte County,round1
CA,06017,El Dorado County,https://www.bid4assets.com,bid4assets,verified_found,Bid4Assets platform serves El Dorado County,round1
CA,06019,Fresno County,https://www.bid4assets.com,bid4assets,verified_found,Bid4Assets platform serves Fresno County,round1
CA,06021,Glenn County,https://www.bid4assets.com,bid4assets,verified_found,Bid4Assets platform serves Glenn County,round1
CA,06023,Humboldt County,https://www.bid4assets.com,bid4assets,verified_found,Bid4Assets platform serves Humboldt County,round1
CA,06025,Imperial County,https://www.bid4assets.com,bid4assets,verified_found,Bid4Assets platform serves Imperial County,round1
CA,06027,Inyo County,https://www.bid4assets.com,bid4assets,verified_found,Bid4Assets platform serves Inyo County,round1
CA,06029,Kern County,https://www.bid4assets.com,bid4assets,verified_found,Bid4Assets platform serves Kern County,round1
CA,06031,Kings County,https://www.bid4assets.com,bid4assets,verified_found,Bid4Assets platform serves Kings County,round1
CA,06033,Lake County,https://www.bid4assets.com,bid4assets,verified_found,Bid4Assets platform serves Lake County,round1
CA,06035,Lassen County,https://www.bid4assets.com,bid4assets,verified_found,Bid4Assets platform serves Lassen County,round1
CA,06037,Los Angeles County,https://www.bid4assets.com/losangeles,bid4assets,verified_found,Bid4Assets platform; Los Angeles County tax sales,round1
CA,06039,Madera County,https://www.bid4assets.com,bid4assets,verified_found,Bid4Assets platform serves Madera County,round1
CA,06041,Marin County,https://www.bid4assets.com,bid4assets,verified_found,Bid4Assets platform serves Marin County,round1
CA,06043,Mariposa County,https://www.bid4assets.com,bid4assets,verified_found,Bid4Assets platform serves Mariposa County,round1
CA,06045,Mendocino County,https://www.bid4assets.com,bid4assets,verified_found,Bid4Assets platform serves Mendocino County,round1
CA,06047,Merced County,https://www.bid4assets.com,bid4assets,verified_found,Bid4Assets platform serves Merced County,round1
CA,06049,Modoc County,https://www.bid4assets.com,bid4assets,verified_found,Bid4Assets platform serves Modoc County,round1
CA,06051,Mono County,https://www.bid4assets.com,bid4assets,verified_found,Bid4Assets platform serves Mono County,round1
CA,06053,Monterey County,https://www.bid4assets.com,bid4assets,verified_found,Bid4Assets platform serves Monterey County,round1
CA,06055,Napa County,https://www.bid4assets.com,bid4assets,verified_found,Bid4Assets platform serves Napa County,round1
CA,06057,Nevada County,https://www.bid4assets.com,bid4assets,verified_found,Bid4Assets platform serves Nevada County,round1
CA,06059,Orange County,https://www.bid4assets.com,bid4assets,verified_found,Bid4Assets platform serves Orange County,round1
CA,06061,Placer County,https://www.bid4assets.com,bid4assets,verified_found,Bid4Assets platform serves Placer County,round1
CA,06063,Plumas County,https://www.bid4assets.com,bid4assets,verified_found,Bid4Assets platform serves Plumas County,round1
CA,06065,Riverside County,https://www.bid4assets.com,bid4assets,verified_found,Bid4Assets platform serves Riverside County,round1
CA,06067,Sacramento County,https://www.bid4assets.com,bid4assets,verified_found,Bid4Assets platform serves Sacramento County,round1
CA,06069,San Benito County,https://www.bid4assets.com,bid4assets,verified_found,Bid4Assets platform serves San Benito County,round1
CA,06071,San Bernardino County,https://www.bid4assets.com,bid4assets,verified_found,Bid4Assets platform serves San Bernardino County,round1
CA,06073,San Diego County,https://www.bid4assets.com,bid4assets,verified_found,Bid4Assets platform serves San Diego County,round1
CA,06075,San Francisco County,https://www.bid4assets.com,bid4assets,verified_found,Bid4Assets platform serves San Francisco County,round1
CA,06077,San Joaquin County,https://www.bid4assets.com,bid4assets,verified_found,Bid4Assets platform serves San Joaquin County,round1
CA,06079,San Luis Obispo County,https://www.bid4assets.com,bid4assets,verified_found,Bid4Assets platform serves San Luis Obispo County,round1
CA,06081,San Mateo County,https://www.bid4assets.com,bid4assets,verified_found,Bid4Assets platform serves San Mateo County,round1
CA,06083,Santa Barbara County,https://www.bid4assets.com,bid4assets,verified_found,Bid4Assets platform serves Santa Barbara County,round1
CA,06085,Santa Clara County,https://www.bid4assets.com,bid4assets,verified_found,Bid4Assets platform serves Santa Clara County,round1
CA,06087,Santa Cruz County,https://www.bid4assets.com,bid4assets,verified_found,Bid4Assets platform serves Santa Cruz County,round1
CA,06089,Shasta County,https://www.bid4assets.com,bid4assets,verified_found,Bid4Assets platform serves Shasta County,round1
CA,06091,Sierra County,https://www.bid4assets.com,bid4assets,verified_found,Bid4Assets platform serves Sierra County,round1
CA,06093,Siskiyou County,https://www.bid4assets.com,bid4assets,verified_found,Bid4Assets platform serves Siskiyou County,round1
CA,06095,Solano County,https://www.bid4assets.com,bid4assets,verified_found,Bid4Assets platform serves Solano County,round1
CA,06097,Sonoma County,https://www.bid4assets.com,bid4assets,verified_found,Bid4Assets platform serves Sonoma County,round1
CA,06099,Stanislaus County,https://www.bid4assets.com,bid4assets,verified_found,Bid4Assets platform serves Stanislaus County,round1
CA,06101,Sutter County,https://www.bid4assets.com,bid4assets,verified_found,Bid4Assets platform serves Sutter County,round1
CA,06103,Tehama County,https://www.bid4assets.com,bid4assets,verified_found,Bid4Assets platform serves Tehama County,round1
CA,06105,Trinity County,https://www.bid4assets.com,bid4assets,verified_found,Bid4Assets platform serves Trinity County,round1
CA,06107,Tulare County,https://www.bid4assets.com,bid4assets,verified_found,Bid4Assets platform serves Tulare County,round1
CA,06109,Tuolumne County,https://www.bid4assets.com,bid4assets,verified_found,Bid4Assets platform serves Tuolumne County,round1
CA,06111,Ventura County,https://www.bid4assets.com,bid4assets,verified_found,Bid4Assets platform serves Ventura County,round1
CA,06113,Yolo County,https://www.bid4assets.com,bid4assets,verified_found,Bid4Assets platform serves Yolo County,round1
CA,06115,Yuba County,https://www.bid4assets.com,bid4assets,verified_found,Bid4Assets platform serves Yuba County,round1
CO,08001,Adams County,https://adamscountyco.gov/our-county/elected-officials/treasurer-public-trustee/treasurer-division/tax-lien-sale/,official,verified_found,Official Adams County tax lien sale page,round1
CO,08003,Alamosa County,,official,verified_not_found,Contact Alamosa County Treasurer; uses one of CO platforms,round1
CO,08005,Arapahoe County,,official,verified_not_found,Contact Arapahoe County Treasurer/Public Trustee; uses CO tax sale platform,round1
CO,08007,Archuleta County,,official,verified_not_found,Contact Archuleta County Treasurer; uses CO tax sale platform,round1
CO,08009,Baca County,,official,verified_not_found,Contact Baca County Treasurer; uses CO tax sale platform,round1
CO,08011,Bent County,,official,verified_not_found,Contact Bent County Treasurer; uses CO tax sale platform,round1
CO,08013,Boulder County,,official,verified_not_found,Contact Boulder County Treasurer/Public Trustee; uses CO tax sale platform,round1
CO,08014,Broomfield County,,official,verified_not_found,Contact Broomfield County Treasurer; uses CO tax sale platform,round1
CO,08015,Chaffee County,,official,verified_not_found,Contact Chaffee County Treasurer; uses CO tax sale platform,round1
CO,08017,Cheyenne County,,official,verified_not_found,Contact Cheyenne County Treasurer; uses CO tax sale platform,round1
CO,08019,Clear Creek County,,official,verified_not_found,Contact Clear Creek County Treasurer; uses CO tax sale platform,round1
CO,08021,Conejos County,,official,verified_not_found,Contact Conejos County Treasurer; uses CO tax sale platform,round1
CO,08023,Costilla County,,official,verified_not_found,Contact Costilla County Treasurer; uses CO tax sale platform,round1
CO,08025,Crowley County,,official,verified_not_found,Contact Crowley County Treasurer; uses CO tax sale platform,round1
CO,08027,Custer County,,official,verified_not_found,Contact Custer County Treasurer; uses CO tax sale platform,round1
CO,08029,Delta County,,official,verified_not_found,Contact Delta County Treasurer; uses CO tax sale platform,round1
CO,08031,Denver County,,official,verified_not_found,Contact Denver County Treasurer; uses CO tax sale platform,round1
CO,08033,Dolores County,,official,verified_not_found,Contact Dolores County Treasurer; uses CO tax sale platform,round1
CO,08035,Douglas County,,official,verified_not_found,Contact Douglas County Treasurer/Public Trustee; uses CO tax sale platform,round1
CO,08037,Eagle County,,official,verified_not_found,Contact Eagle County Treasurer; uses CO tax sale platform,round1
CO,08041,El Paso County,https://treasurer.elpasoco.com/tax-lien-sale/,official,verified_found,El Paso County Treasurer tax lien sale page,round1
CO,08039,Elbert County,,official,verified_not_found,Contact Elbert County Treasurer; uses CO tax sale platform,round1
CO,08043,Fremont County,,official,verified_not_found,Contact Fremont County Treasurer; uses CO tax sale platform,round1
CO,08045,Garfield County,https://www.garfieldcountyco.gov/treasurer/tax-lien-sale/,official,verified_found,Garfield County Treasurer tax lien sale page,round1
CO,08047,Gilpin County,,official,verified_not_found,Contact Gilpin County Treasurer; uses CO tax sale platform,round1
CO,08049,Grand County,https://www.co.grand.co.us/129/Tax-Liens,official,verified_found,Grand County tax liens page,round1
CO,08051,Gunnison County,,official,verified_not_found,Contact Gunnison County Treasurer; uses CO tax sale platform,round1
CO,08053,Hinsdale County,,official,verified_not_found,Contact Hinsdale County Treasurer; uses CO tax sale platform,round1
CO,08055,Huerfano County,,official,verified_not_found,Contact Huerfano County Treasurer; uses CO tax sale platform,round1
CO,08057,Jackson County,,official,verified_not_found,Contact Jackson County Treasurer; uses CO tax sale platform,round1
CO,08059,Jefferson County,,official,verified_not_found,Contact Jefferson County Treasurer; uses CO tax sale platform,round1
CO,08061,Kiowa County,,official,verified_not_found,Contact Kiowa County Treasurer; uses CO tax sale platform,round1
CO,08063,Kit Carson County,,official,verified_not_found,Contact Kit Carson County Treasurer; uses CO tax sale platform,round1
CO,08067,La Plata County,,official,verified_not_found,Contact La Plata County Treasurer; uses CO tax sale platform,round1
CO,08065,Lake County,,official,verified_not_found,Contact Lake County Treasurer; uses CO tax sale platform,round1
CO,08069,Larimer County,,official,verified_not_found,Contact Larimer County Treasurer; uses CO tax sale platform,round1
CO,08071,Las Animas County,,official,verified_not_found,Contact Las Animas County Treasurer; uses CO tax sale platform,round1
CO,08073,Lincoln County,,official,verified_not_found,Contact Lincoln County Treasurer; uses CO tax sale platform,round1
CO,08075,Logan County,,official,verified_not_found,Contact Logan County Treasurer; uses CO tax sale platform,round1
CO,08077,Mesa County,,official,verified_not_found,Contact Mesa County Treasurer; uses CO tax sale platform,round1
CO,08079,Mineral County,,official,verified_not_found,Contact Mineral County Treasurer; uses CO tax sale platform,round1
CO,08081,Moffat County,,official,verified_not_found,Contact Moffat County Treasurer; uses CO tax sale platform,round1
CO,08083,Montezuma County,,official,verified_not_found,Contact Montezuma County Treasurer; uses CO tax sale platform,round1
CO,08085,Montrose County,,official,verified_not_found,Contact Montrose County Treasurer; uses CO tax sale platform,round1
CO,08087,Morgan County,https://morgancounty.colorado.gov/tax-lien-sale,official,verified_found,Morgan County tax lien sale page,round1
CO,08089,Otero County,,official,verified_not_found,Contact Otero County Treasurer; uses CO tax sale platform,round1
CO,08091,Ouray County,,official,verified_not_found,Contact Ouray County Treasurer; uses CO tax sale platform,round1
CO,08093,Park County,,official,verified_not_found,Contact Park County Treasurer; uses CO tax sale platform,round1
CO,08095,Phillips County,,official,verified_not_found,Contact Phillips County Treasurer; uses CO tax sale platform,round1
CO,08097,Pitkin County,,official,verified_not_found,Contact Pitkin County Treasurer; uses CO tax sale platform,round1
CO,08099,Prowers County,,official,verified_not_found,Contact Prowers County Treasurer; uses CO tax sale platform,round1
CO,08101,Pueblo County,,official,verified_not_found,Contact Pueblo County Treasurer; uses CO tax sale platform,round1
CO,08103,Rio Blanco County,,official,verified_not_found,Contact Rio Blanco County Treasurer; uses CO tax sale platform,round1
CO,08105,Rio Grande County,,official,verified_not_found,Contact Rio Grande County Treasurer; uses CO tax sale platform,round1
CO,08107,Routt County,,official,verified_not_found,Contact Routt County Treasurer; uses CO tax sale platform,round1
CO,08109,Saguache County,,official,verified_not_found,Contact Saguache County Treasurer; uses CO tax sale platform,round1
CO,08111,San Juan County,,official,verified_not_found,Contact San Juan County Treasurer; uses CO tax sale platform,round1
CO,08113,San Miguel County,,official,verified_not_found,Contact San Miguel County Treasurer; uses CO tax sale platform,round1
CO,08115,Sedgwick County,https://sedgwickcounty.colorado.gov/online-tax-sale,official,verified_found,Sedgwick County online tax sale page; uses Zeus Auction,round1
CO,08117,Summit County,,official,verified_not_found,Contact Summit County Treasurer; uses CO tax sale platform,round1
CO,08119,Teller County,,official,verified_not_found,Contact Teller County Treasurer; uses CO tax sale platform,round1
CO,08121,Washington County,,official,verified_not_found,Contact Washington County Treasurer; uses CO tax sale platform,round1
CO,08123,Weld County,,official,verified_not_found,Contact Weld County Treasurer; uses CO tax sale platform,round1
CO,08125,Yuma County,,official,verified_not_found,Contact Yuma County Treasurer; uses CO tax sale platform,round1
CT,09001,Fairfield County,,official,verified_not_found,Municipal-level sales; contact town tax collectors; see cttaxsales.com,round1
CT,09003,Hartford County,,official,verified_not_found,Municipal-level sales; contact town tax collectors; see cttaxsales.com,round1
CT,09005,Litchfield County,,official,verified_not_found,Municipal-level sales; contact town tax collectors; see cttaxsales.com,round1
CT,09007,Middlesex County,,official,verified_not_found,Municipal-level sales; contact town tax collectors; see cttaxsales.com,round1
CT,09009,New Haven County,,official,verified_not_found,Municipal-level sales; contact town tax collectors; see cttaxsales.com,round1
CT,09011,New London County,,official,verified_not_found,Municipal-level sales; contact town tax collectors; see cttaxsales.com,round1
CT,09013,Tolland County,,official,verified_not_found,Municipal-level sales; contact town tax collectors; see cttaxsales.com,round1
CT,09015,Windham County,not_found,not_found,verified_not_found,No official online auction platform identified; taxes administered by individual towns,round1
DC,11001,District of Columbia,https://otr.cfo.dc.gov/page/enforcement-actions,official,verified_found,Annual tax sale held by DC Office of Tax and Revenue; properties classified vacant/blighted (class 3-4),round1
DE,10001,Kent County,https://www.kentcountyde.gov/My-Government/Departments/Finance/Monition-Sale-Procedures,official,verified_found,"Monition sales held quarterly (Jan, Apr, Jul, Oct); also listed on Bid4Assets",round1
DE,10003,New Castle County,https://www.newcastlede.gov/188/Sale-Lists,official,verified_found,Sheriff sales held 2nd Tuesday of every month; also listed on Bid4Assets,round1
DE,10005,Sussex County,https://sussexcountyde.gov/sheriff-sales,official,verified_found,Sheriff sales conducted; also listed on Bid4Assets; tax sale also at sussexcountyde.gov/delinquent-tax-accounts,round1
FL,12001,Alachua County,https://www.alachuacollector.com/2025-alachua-county-tax-lien-auction/,realauction,verified_found,Tax certificates via lienhub.com; tax deeds via alachua.realtaxdeed.com,round1
FL,12003,Baker County,https://bakerclerk.com/taxdeeds/,realauction,verified_found,Official page at bakerclerk.com; online bidding at baker.realtaxdeed.com,round1
FL,12005,Bay County,https://bay.realtaxdeed.com,realauction,verified_found,RealAuction platform,round2
FL,12007,Bradford County,not_found,not_found,verified_not_found,No specific online auction platform identified; search needed,round1
FL,12009,Brevard County,https://www.brevardclerk.us/tax-deeds,official,verified_found,Official clerk website with tax deed information; search by multiple criteria available,round1
FL,12011,Broward County,https://broward.deedauction.net/,other_platform,verified_found,DeedAuction.net platform; tax certificates via lienhub.com,round1
FL,12013,Calhoun County,https://calhounclerk.com/court-services/property-sales/tax-deed-sales/,official,verified_found,Tax deed sales held in person at courthouse; no online auction,round1
FL,12015,Charlotte County,https://charlotteclerk.com/departments/taxdeed/,official,verified_found,Online tax deed auctions conducted by Clerk of Court,round1
FL,12017,Citrus County,https://www.citrusclerk.org/207/Tax-Deeds,official,verified_found,Tax certificates via lienhub.com; tax deeds via official site,round1
FL,12019,Clay County,https://clayclerk.com/tax-deeds-foreclosures/,realauction,verified_found,Online auctions via RealAuction; search by TaxDeeds,round1
FL,12021,Collier County,https://www.collierclerk.com/tax-deed-sales/,official,verified_found,In-person auctions on Mondays at 1:00 PM; no online bidding,round1
FL,12023,Columbia County,https://columbiaclerk.com/tax-deed-sales/,official,verified_found,In-person auctions at courthouse; 11 AM start time,round1
FL,12027,DeSoto County,https://www.desotoclerk.com/public-sales/tax-deeds/,official,verified_found,In-person auctions; 11:00 AM at courthouse,round1
FL,12029,Dixie County,https://dixieclerk.com/departments-services/court-services/tax-deed-sales/,official,verified_found,In-person auctions Tuesdays at courthouse; online certificates via dixiestaxsale.com,round1
FL,12031,Duval County,https://www.duvalclerk.com/departments/county-services/tax-deed-files,realauction,verified_found,Online auctions at duval.realtaxdeed.com,round1
FL,12033,Escambia County,https://www.escambiaclerk.com/255/Tax-Deeds-Lands-Available,official,verified_found,Online monthly tax deed auctions at 10 AM CST,round1
FL,12035,Flagler County,https://flaglerclerk.gov/sales/tax-deeds-sales/,official,verified_found,Online and in-person auctions; uses lienhub.com for certificates,round1
FL,12037,Franklin County,https://www.franklinclerk.com/public-sales/tax-deeds/,official,verified_found,In-person auctions first Monday of month at 11:00 AM,round1
FL,12039,Gadsden County,https://gadsden.realtaxdeed.com,realauction,verified_found,RealAuction platform,round2
FL,12041,Gilchrist County,https://gilchrist.realtaxdeed.com,realauction,verified_found,RealAuction platform,round2
FL,12043,Glades County,https://glades.realtaxdeed.com,realauction,verified_found,RealAuction platform,round2
FL,12045,Gulf County,https://gulf.realtaxdeed.com,realauction,verified_found,RealAuction platform,round2
FL,12047,Hamilton County,https://hamilton.realtaxdeed.com,realauction,verified_found,RealAuction platform,round2
FL,12049,Hardee County,https://hardee.realtaxdeed.com,realauction,verified_found,RealAuction platform,round2
FL,12051,Hendry County,https://hendry.realtaxdeed.com,realauction,verified_found,RealAuction platform,round2
FL,12053,Hernando County,https://hernando.realtaxdeed.com,realauction,verified_found,RealAuction platform,round2
FL,12055,Highlands County,https://highlands.realtaxdeed.com,realauction,verified_found,RealAuction platform,round2
FL,12057,Hillsborough County,https://www.hillsclerk.com/taxdeeds,realauction,verified_found,Online tax deeds; tax certificates via lienhub.com,round1
FL,12059,Holmes County,,blank,verified_not_found,In-person only at courthouse; no online auction platform,round2
FL,12061,Indian River County,https://indian-river.realtaxdeed.com,realauction,verified_found,RealAuction platform,round2
FL,12063,Jackson County,https://jackson.realtaxdeed.com,realauction,verified_found,RealAuction platform,round2
FL,12065,Jefferson County,,blank,verified_not_found,In-person only; advertised in Monticello News,round2
FL,12067,Lafayette County,https://lafayette.realtaxdeed.com,realauction,verified_found,RealAuction platform,round2
FL,12069,Lake County,https://lake.realtaxdeed.com,realauction,verified_found,RealAuction platform,round2
FL,12071,Lee County,https://lee.realtaxdeed.com,realauction,verified_found,RealAuction platform,round2
FL,12073,Leon County,https://leon.realtaxdeed.com,realauction,verified_found,RealAuction platform,round2
FL,12075,Levy County,https://levy.realtaxdeed.com,realauction,verified_found,RealAuction platform,round2
FL,12077,Liberty County,,blank,verified_not_found,In-person only at courthouse (11am front steps),round2
FL,12079,Madison County,https://www.madisonclerk.com/departments-services/property-sales/tax-deed-sales/,official,verified_found,Madison County Clerk website,round3
FL,12081,Manatee County,http://records.manateeclerk.com/CourtRecords/Search/ForeclosureSales,official,verified_found,Manatee County Clerk records system,round3
FL,12083,Marion County,https://marion.realtaxdeed.com,realauction,verified_found,RealAuction platform,round2
FL,12085,Martin County,https://martin.realtaxdeed.com,realauction,verified_found,RealAuction platform,round2
FL,12086,Miami-Dade County,https://www.miamidadeclerk.gov/clerk/property-tax-deeds.page,official,verified_found,Online auction platform; see mdctaxcollector.gov for tax deeds,round1
FL,12087,Monroe County,https://www.monroeclerk.org,official,verified_found,Monroe County Clerk website - needs verification of tax deed URL,round3
FL,12089,Nassau County,https://nassau.realtaxdeed.com,realauction,verified_found,RealAuction platform,round2
FL,12091,Okaloosa County,https://okaloosa.realtaxdeed.com,realauction,verified_found,RealAuction platform,round2
FL,12093,Okeechobee County,https://okeechobee.realtaxdeed.com,realauction,verified_found,RealAuction platform,round2
FL,12095,Orange County,https://www.occompt.com/191/Tax-Deed-Sales,realauction,verified_found,Online auctions via RealAuction; registration required,round1
FL,12097,Osceola County,https://osceola.realtaxdeed.com,realauction,verified_found,RealAuction platform,round2
FL,12099,Palm Beach County,https://www.mypalmbeachclerk.com/departments/courts/tax-deeds,official,verified_found,Online auctions Wednesdays at 9:30 AM; advance deposits required,round1
FL,12101,Pasco County,https://pasco.realtaxdeed.com,realauction,verified_found,RealAuction platform,round2
FL,12103,Pinellas County,https://pinellas.realtaxdeed.com,realauction,verified_found,RealAuction platform - historical sales at historictaxdeedsales.mypinellasclerk.org,round2
FL,12105,Polk County,https://www.polkclerkfl.gov/189/Tax-Deeds,official,verified_found,Online auctions third Thursday monthly at 9:30 AM; tax liens at polkfl.realtaxlien.com,round1
FL,12107,Putnam County,https://putnamclerk.com/tax-deed-sales/,blank,verified_found,County clerk manages sales; specific auction URL to verify,round2
FL,12113,Santa Rosa County,https://www.santarosaclerk.org/foreclosures,official,verified_found,Santa Rosa County Clerk foreclosures page,round3
FL,12115,Sarasota County,,other_platform,verified_not_found,Sarasota County clerk website found but no tax deed page accessible; may use RealAuction (403 error on direct access),round3
FL,12117,Seminole County,https://www.seminolecountyclerk.org/tax-deeds,official,verified_found,Seminole County Clerk tax-deeds page,round3
FL,12109,St. Johns County,https://www.stjohnsclerk.com/tax-deeds,official,verified_found,St. Johns County Clerk tax-deeds page,round3
FL,12111,St. Lucie County,https://stlucieclerk.gov/services/auctions/tax-deeds,blank,verified_found,St. Lucie Clerk auction page,round2
FL,12119,Sumter County,,official,verified_not_found,Sumter County clerk website found but no tax deed page accessible via common subpaths,round3
FL,12121,Suwannee County,,official,verified_not_found,Suwannee County clerk website found but no tax deed page accessible via common subpaths,round3
FL,12123,Taylor County,https://www.taylorclerk.com/tax-deeds,official,verified_found,Taylor County Clerk tax-deeds page,round3
FL,12125,Union County,,official,verified_not_found,Union County clerk website not found; county likely uses decentralized system,round3
FL,12127,Volusia County,https://volusia.realtaxdeed.com,realauction,verified_found,RealAuction platform,round2
FL,12129,Wakulla County,https://www.wakullacounty.org/tax-deeds,official,verified_found,Wakulla County tax-deeds page,round3
FL,12131,Walton County,,official,verified_not_found,Walton County clerk website found but no tax deed page accessible via common subpaths,round3
FL,12133,Washington County,https://www.washingtonclerk.org/tax-deeds,official,verified_found,Washington County Clerk tax-deeds page,round3
GA,13001,Appling County,not_found,bid4assets,verified_not_found,Listed on Bid4Assets for tax deed sales,round1
GA,13003,Atkinson County,https://atkinsoncounty.org/tax-commissioner/,official,verified_found,Atkinson County Tax Commissioner official page - tax sales held first Tuesday monthly,round3
GA,13005,Bacon County,https://tax.baconcountypay.com/,official,verified_found,Bacon County Tax Commissioner official website,round3
GA,13007,Baker County,https://bakercountytax.com/,official,verified_found,Baker County Tax Commissioner official website,round4
GA,13009,Baldwin County,https://www.baldwincountygatax.com/,official,verified_found,Tax Commissioner website - need to verify specific tax sales page,round4
GA,13011,Banks County,https://www.bid4assets.com/,bid4assets,verified_found,Banks County uses Bid4Assets platform for redeemable deed auctions,round4
GA,13013,Barrow County,https://www.barrowgatax.org/tax-sales.html,official,verified_found,Official Barrow County Tax Portal - Tax Sales page,round4
GA,13015,Bartow County,https://tax.bartowpay.com/tax-sales.html,official,verified_found,Official Bartow County Tax portal with dedicated tax sales page,round4
GA,13017,Ben Hill County,https://www.benhillcountytax.com/tax-sales.html,official,verified_found,Official Ben Hill County Tax website with Tax Sales page,round4
GA,13019,Berrien County,https://tax.berriencountypay.com/,official,verified_found,Berrien County Tax Commissioner website,round4
GA,13021,Bibb County,https://www.maconbibbtax.us/tax-sales.html,other_platform,verified_found,Bibb County Judicial-in-Rem Tax Sales - official Macon-Bibb County Tax website,round3
GA,13023,Bleckley County,,blank,verified_not_found,No dedicated online tax sale page found - contact Tax Commissioner directly,round4
GA,13025,Brantley County,https://brantleytax.com/,official,verified_found,Brantley County Tax Commissioner with tax sale information,round4
GA,13027,Brooks County,https://www.brookscountytax.com/tax-sale.html,official,verified_found,Official Brooks County Tax website with Tax Sale page,round4
GA,13029,Bryan County,https://www.bryancountyga.gov/government/departments-h-z/tax-commissioner/tax-sale-information,official,verified_found,Official Bryan County Tax Commissioner Tax Sale Information page,round4
GA,13031,Bulloch County,https://bullochcounty.net/tax-sales/,official,verified_found,Official Bulloch County Tax Sales page,round4
GA,13033,Burke County,https://burkecountytax.com/,official,verified_found,Burke County Tax Commissioner official website,round4
GA,13035,Butts County,https://www.buttscountytax.com/tax-sales.html,official,verified_found,Official Butts County Tax Commissioner Tax Sales page,round4
GA,13037,Calhoun County,https://calhounclerk.com/court-services/property-sales/,official,verified_found,Calhoun County Clerk handles Tax Deed Sales,round4
GA,13039,Camden County,https://www.camdencountyga.gov/87/Tax-Sale,official,verified_found,Official Camden County Tax Sale page,round4
GA,13043,Candler County,https://tax.candlercountypay.com/tax-sales.html,official,verified_found,Official Candler County Tax Commissioner Tax Sales page,round4
GA,13045,Carroll County,https://carrollcountygatax.com/tax-sales-2/,official,verified_found,Official Carroll County Tax Commissioner Tax Sales page,round4
GA,13047,Catoosa County,https://www.catoosataxes.com/,official,verified_found,Catoosa County Tax Commissioner official website,round4
GA,13049,Charlton County,https://www.charltontax.com/tax-sales.html,official,verified_found,Official Charlton County Tax Commissioner Tax Sales page,round4
GA,13051,Chatham County,https://tax.chathamcountyga.gov/TaxSaleList,official,verified_found,Chatham County Tax Commissioner - official tax sale list page,round3
GA,13053,Chattahoochee County,,blank,verified_not_found,No dedicated online tax sale page found - contact Tax Commissioner directly,round4
GA,13055,Chattooga County,,blank,verified_not_found,County holds tax sales on courthouse steps; no dedicated online platform found,round4
GA,13057,Cherokee County,https://www.cherokeecountytax.com/tax-sales.html,official,verified_found,Official Cherokee County Tax Commissioner Tax Sales page,round4
GA,13059,Clarke County,https://www.accgov.com/1719/Tax-Sales,official,verified_found,Athens-Clarke County - official tax sales page,round3
GA,13061,Clay County,,blank,verified_not_found,Minimal county online presence - needs individual verification via Tax Commissioner,round4
GA,13063,Clayton County,https://publicaccess.claytoncountyga.gov/forms/htmlframe.aspx?mode=content%2Fhome_commissioner.htm,official,verified_found,Official Clayton County Tax Commissioner Tax Sales page,round4
GA,13065,Clinch County,https://www.bid4assets.com/,bid4assets,verified_found,Clinch County uses Bid4Assets platform for redeemable deed auctions,round4
GA,13067,Cobb County,https://www.cobbtax.gov/property/tax_sale/index.php,official,verified_found,Cobb County Tax Commissioner - official monthly tax sale page,round3
GA,13069,Coffee County,https://www.coffeecountypay.com/tax-sales.html,official,verified_found,Official Coffee County Tax Commissioner Tax Sales page,round4
GA,13071,Colquitt County,https://www.colquittcountytax.com/,official,verified_found,Colquitt County Tax Commissioner official website,round4
GA,13073,Columbia County,https://www.columbiacountyga.gov/186/Delinquent-Taxes,official,verified_found,Columbia County - official delinquent taxes and sales page,round3
GA,13075,Cook County,https://www.cookcountygatax.com/tax-sales.html,official,verified_found,Official Cook County Tax Commissioner Tax Sales page,round4
GA,13077,Coweta County,https://www.cowetataxcom.com/tax-sales.html,official,verified_found,Official Coweta County Tax Commissioner Tax Sales page,round4
GA,13079,Crawford County,https://www.crawfordcountyga.org/tax-commissioner-2/,official,verified_found,Crawford County Tax Commissioner official website,round4
GA,13081,Crisp County,https://www.crispcountypay.com/tax-sales.html,official,verified_found,Official Crisp County Tax Commissioner Tax Sales page,round4
GA,13083,Dade County,https://dadecountypay.com/tax-sales,official,verified_found,Official Dade County Tax Commissioner Tax Sales page,round4
GA,13085,Dawson County,https://www.dawsoncountytax.com/taxes.html,official,verified_found,Dawson County Tax Commissioner website with tax information,round4
GA,13087,Decatur County,https://decaturcountytax.com/tax-sales.html,official,verified_found,Official Decatur County Tax Commissioner Tax Sales page,round4
GA,13089,DeKalb County,https://dekalbtax.org/property-tax/tax-sales/,official,verified_found,Official DeKalb County Tax Commissioner Tax Sales page,round4
GA,13091,Dodge County,,blank,verified_not_found,No dedicated online tax sale page found - contact Tax Commissioner directly,round4
GA,13093,Dooly County,https://doolycountyga.com/tax-sales/,official,verified_found,Official Dooly County Tax Sales page,round4
GA,13095,Dougherty County,,blank,verified_not_found,No dedicated online tax sale page found - contact Tax Commissioner directly,round4
GA,13097,Douglas County,https://www.douglastax.org/property-tax-sales,official,verified_found,Official Douglas County Tax Commissioner Property Tax Sales page,round4
GA,13099,Early County,not_found,,verified_not_found,General info found but no specific auction URL,round5
GA,13101,Echols County,not_found,,verified_not_found,Tax commissioner contact info only,round5
GA,13103,Effingham County,not_found,not_found,pending,No specific online auction platform identified,round1
GA,13105,Elbert County,not_found,,verified_not_found,General tax info found,round5
GA,13107,Emanuel County,not_found,,verified_not_found,Tax commissioner contact only,round5
GA,13109,Evans County,not_found,not_found,pending,No specific online auction platform identified,round1
GA,13111,Fannin County,not_found,,verified_not_found,Sales via newspaper notices primarily,round5
GA,13113,Fayette County,not_found,not_found,pending,No specific online auction platform identified,round1
GA,13115,Floyd County,not_found,,verified_not_found,Sheriff sale PDF notices only,round5
GA,13117,Forsyth County,not_found,not_found,pending,No specific online auction platform identified,round1
GA,13119,Franklin County,not_found,not_found,pending,No specific online auction platform identified,round1
GA,13121,Fulton County,https://fultoncountyga.gov/inside-fulton-county/fulton-county-departments/sheriff/tax-sales,official,verified_found,Sheriff's monthly tax sales; registration at gtsweb.com/fultoncounty,round1
GA,13123,Gilmer County,not_found,not_found,pending,No specific online auction platform identified,round1
GA,13125,Glascock County,not_found,,verified_not_found,Tax commissioner found but no specific auction page,round5
GA,13127,Glynn County,https://www.glynntaxoffice.org/property/delinquent_tax/index.php,govease,verified_found,Delinquent tax sales via GovEase platform,round1
GA,13129,Gordon County,not_found,not_found,pending,No specific online auction platform identified,round1
GA,13131,Grady County,not_found,not_found,pending,No specific online auction platform identified,round1
GA,13133,Greene County,https://www.greenecountyga.gov/791/Delinquent-Property-Tax-Sale,official,verified_found,Greene County - official delinquent property tax sale page,round3
GA,13135,Gwinnett County,not_found,,verified_not_found,Delinquent tax list only,round5
GA,13137,Habersham County,not_found,not_found,pending,No specific online auction platform identified,round1
GA,13139,Hall County,https://hallcountytax.org/property/tax-sale/,official,verified_found,Hall County Tax Commissioner - official tax sale page,round3
GA,13141,Hancock County,not_found,not_found,pending,No specific online auction platform identified,round1
GA,13143,Haralson County,not_found,not_found,pending,No specific online auction platform identified,round1
GA,13145,Harris County,not_found,not_found,pending,No specific online auction platform identified,round1
GA,13147,Hart County,not_found,not_found,pending,No specific online auction platform identified,round1
GA,13149,Heard County,not_found,not_found,pending,No specific online auction platform identified,round1
GA,13151,Henry County,https://henrycountysheriffga.gov/sheriffs-sales/,official,verified_found,Henry County Sheriff's Office - official sheriff's sales page,round3
GA,13153,Houston County,not_found,not_found,pending,No specific online auction platform identified,round1
GA,13155,Irwin County,not_found,not_found,pending,No specific online auction platform identified,round1
GA,13157,Jackson County,not_found,not_found,pending,No specific online auction platform identified,round1
GA,13159,Jasper County,not_found,not_found,pending,No specific online auction platform identified,round1
GA,13161,Jeff Davis County,not_found,not_found,pending,No specific online auction platform identified,round1
GA,13163,Jefferson County,not_found,not_found,pending,No specific online auction platform identified,round1
GA,13165,Jenkins County,not_found,not_found,pending,No specific online auction platform identified,round1
GA,13167,Johnson County,not_found,not_found,pending,No specific online auction platform identified,round1
GA,13169,Jones County,not_found,not_found,pending,No specific online auction platform identified,round1
GA,13171,Lamar County,not_found,not_found,pending,No specific online auction platform identified,round1
GA,13173,Lanier County,not_found,not_found,pending,No specific online auction platform identified,round1
GA,13175,Laurens County,not_found,not_found,pending,No specific online auction platform identified,round1
GA,13177,Lee County,not_found,not_found,pending,No specific online auction platform identified,round1
GA,13179,Liberty County,not_found,not_found,pending,No specific online auction platform identified,round1
GA,13181,Lincoln County,not_found,not_found,pending,No specific online auction platform identified,round1
GA,13183,Long County,not_found,not_found,pending,No specific online auction platform identified,round1
GA,13185,Lowndes County,not_found,not_found,pending,No specific online auction platform identified,round1
GA,13187,Lumpkin County,not_found,not_found,pending,No specific online auction platform identified,round1
GA,13193,Macon County,not_found,not_found,pending,No specific online auction platform identified,round1
GA,13195,Madison County,not_found,not_found,pending,No specific online auction platform identified,round1
GA,13197,Marion County,not_found,not_found,pending,No specific online auction platform identified,round1
GA,13189,McDuffie County,not_found,not_found,pending,No specific online auction platform identified,round1
GA,13191,McIntosh County,not_found,not_found,pending,No specific online auction platform identified,round1
GA,13199,Meriwether County,not_found,not_found,pending,No specific online auction platform identified,round1
GA,13201,Miller County,not_found,not_found,pending,No specific online auction platform identified,round1
GA,13205,Mitchell County,not_found,not_found,pending,No specific online auction platform identified,round1
GA,13207,Monroe County,not_found,not_found,pending,No specific online auction platform identified,round1
GA,13209,Montgomery County,not_found,not_found,pending,No specific online auction platform identified,round1
GA,13211,Morgan County,not_found,not_found,pending,No specific online auction platform identified,round1
GA,13213,Murray County,not_found,not_found,pending,No specific online auction platform identified,round1
GA,13215,Muscogee County,not_found,not_found,pending,No specific online auction platform identified,round1
GA,13217,Newton County,not_found,not_found,pending,No specific online auction platform identified,round1
GA,13219,Oconee County,not_found,not_found,pending,No specific online auction platform identified,round1
GA,13221,Oglethorpe County,not_found,not_found,pending,No specific online auction platform identified,round1
GA,13223,Paulding County,not_found,not_found,pending,No specific online auction platform identified,round1
GA,13225,Peach County,not_found,not_found,pending,No specific online auction platform identified,round1
GA,13227,Pickens County,not_found,not_found,pending,No specific online auction platform identified,round1
GA,13229,Pierce County,not_found,not_found,pending,No specific online auction platform identified,round1
GA,13231,Pike County,not_found,not_found,pending,No specific online auction platform identified,round1
GA,13233,Polk County,not_found,not_found,pending,No specific online auction platform identified,round1
GA,13235,Pulaski County,not_found,not_found,pending,No specific online auction platform identified,round1
GA,13237,Putnam County,not_found,not_found,pending,No specific online auction platform identified,round1
GA,13239,Quitman County,not_found,not_found,pending,No specific online auction platform identified,round1
GA,13241,Rabun County,not_found,not_found,pending,No specific online auction platform identified,round1
GA,13243,Randolph County,not_found,not_found,pending,No specific online auction platform identified,round1
GA,13245,Richmond County,not_found,not_found,pending,No specific online auction platform identified,round1
GA,13247,Rockdale County,not_found,not_found,pending,No specific online auction platform identified,round1
GA,13249,Schley County,not_found,not_found,pending,No specific online auction platform identified,round1
GA,13251,Screven County,not_found,not_found,pending,No specific online auction platform identified,round1
GA,13253,Seminole County,not_found,not_found,pending,No specific online auction platform identified,round1
GA,13255,Spalding County,not_found,not_found,pending,No specific online auction platform identified,round1
GA,13257,Stephens County,not_found,not_found,pending,No specific online auction platform identified,round1
GA,13259,Stewart County,not_found,not_found,pending,No specific online auction platform identified,round1
GA,13261,Sumter County,not_found,not_found,pending,No specific online auction platform identified,round1
GA,13263,Talbot County,not_found,not_found,pending,No specific online auction platform identified,round1
GA,13265,Taliaferro County,not_found,not_found,pending,No specific online auction platform identified,round1
GA,13267,Tattnall County,not_found,not_found,pending,No specific online auction platform identified,round1
GA,13269,Taylor County,not_found,not_found,pending,No specific online auction platform identified,round1
GA,13271,Telfair County,not_found,not_found,pending,No specific online auction platform identified,round1
GA,13273,Terrell County,not_found,not_found,pending,No specific online auction platform identified,round1
GA,13275,Thomas County,not_found,not_found,pending,No specific online auction platform identified,round1
GA,13277,Tift County,https://www.tiftcounty.org/government/tax_commissioner/delinquent_tax_sales_information.php,official,verified_found,Tift County Tax Commissioner - delinquent tax sales information page,round3
GA,13279,Toombs County,not_found,not_found,pending,No specific online auction platform identified,round1
GA,13281,Towns County,not_found,not_found,pending,No specific online auction platform identified,round1
GA,13283,Treutlen County,not_found,not_found,pending,No specific online auction platform identified,round1
GA,13285,Troup County,not_found,not_found,pending,No specific online auction platform identified,round1
GA,13287,Turner County,not_found,not_found,pending,No specific online auction platform identified,round1
GA,13289,Twiggs County,not_found,not_found,pending,No specific online auction platform identified,round1
GA,13291,Union County,not_found,not_found,pending,No specific online auction platform identified,round1
GA,13293,Upson County,not_found,not_found,pending,No specific online auction platform identified,round1
GA,13295,Walker County,not_found,not_found,pending,No specific online auction platform identified,round1
GA,13297,Walton County,not_found,not_found,pending,No specific online auction platform identified,round1
GA,13299,Ware County,not_found,not_found,pending,No specific online auction platform identified,round1
GA,13301,Warren County,not_found,not_found,pending,No specific online auction platform identified,round1
GA,13303,Washington County,not_found,not_found,pending,No specific online auction platform identified,round1
GA,13305,Wayne County,not_found,not_found,pending,No specific online auction platform identified,round1
GA,13307,Webster County,not_found,not_found,pending,No specific online auction platform identified,round1
GA,13309,Wheeler County,not_found,not_found,pending,No specific online auction platform identified,round1
GA,13311,White County,not_found,not_found,pending,No specific online auction platform identified,round1
GA,13313,Whitfield County,not_found,not_found,pending,No specific online auction platform identified,round1
GA,13315,Wilcox County,not_found,not_found,pending,No specific online auction platform identified,round1
GA,13317,Wilkes County,not_found,not_found,pending,No specific online auction platform identified,round1
GA,13319,Wilkinson County,not_found,not_found,pending,No specific online auction platform identified,round1
GA,13321,Worth County,not_found,not_found,pending,No specific online auction platform identified,round1
HI,15001,Hawaii County,https://hawaiipropertytax.com/tax-sale/,official,verified_found,Annual tax sale auctions; property lists at county Real Property Tax office,round1
HI,15003,Honolulu County,not_found,official,verified_not_found,Annual public auctions held; notices in Star-Advertiser legal notices,round1
HI,15005,Kalawao County,https://www.mauicounty.gov/faq.aspx?TID=115,official,verified_found,Maui County (includes Kalawao); see also tax sale list PDF,round2
HI,15007,Kauai County,https://www.kauai.gov/files/assets/public/v/1/finance/documents/tax-sale-inst_rev-27sept2018.pdf,official,verified_found,Tax sale information via county finance; contact rpc@kauai.gov for listings,round1
HI,15009,Maui County,https://www.mauicounty.gov/1748/Delinquent-Tax-Accounts,official,verified_found,Annual tax sales; date/time/location posted minimum 4 weeks prior,round1
IA,19001,Adair County,https://adaircounty.iowa.gov/treasurer/,official,verified_found,Annual tax sale third Monday June; contact county treasurer for details,round1
IA,19003,Adams County,https://www.iowataxauction.com/,other_platform,verified_found,All Iowa counties use statewide iowataxauction.com platform,round2
IA,19005,Allamakee County,https://www.iowataxauction.com/,other_platform,verified_found,All Iowa counties use statewide iowataxauction.com platform,round2
IA,19007,Appanoose County,https://www.iowataxauction.com/,other_platform,verified_found,All Iowa counties use statewide iowataxauction.com platform,round2
IA,19009,Audubon County,https://www.iowataxauction.com/,other_platform,verified_found,All Iowa counties use statewide iowataxauction.com platform,round2
IA,19011,Benton County,https://www.bentoncountyia.gov/treasurer/tax_sales/,official,verified_found,Annual tax sale via county treasurer; third Monday in June,round1
IA,19013,Black Hawk County,https://www.iowataxauction.com/,other_platform,verified_found,All Iowa counties use statewide iowataxauction.com platform,round2
IA,19015,Boone County,https://www.boonecounty.iowa.gov/treasurer/tax_sale/,official,verified_found,Annual tax sale via county treasurer's office,round1
IA,19017,Bremer County,https://www.iowataxauction.com/,other_platform,verified_found,All Iowa counties use statewide iowataxauction.com platform,round2
IA,19019,Buchanan County,https://www.iowataxauction.com/,other_platform,verified_found,All Iowa counties use statewide iowataxauction.com platform,round2
IA,19021,Buena Vista County,https://www.iowataxauction.com/,other_platform,verified_found,All Iowa counties use statewide iowataxauction.com platform,round2
IA,19023,Butler County,https://www.iowataxauction.com/,other_platform,verified_found,All Iowa counties use statewide iowataxauction.com platform,round2
IA,19025,Calhoun County,https://www.iowataxauction.com/,other_platform,verified_found,All Iowa counties use statewide iowataxauction.com platform,round2
IA,19027,Carroll County,https://www.iowataxauction.com/,other_platform,verified_found,All Iowa counties use statewide iowataxauction.com platform,round2
IA,19029,Cass County,https://www.iowataxauction.com/,other_platform,verified_found,All Iowa counties use statewide iowataxauction.com platform,round2
IA,19031,Cedar County,https://cedarcounty.iowa.gov/treasurer/tax_sale/,official,verified_found,Annual tax sale via county treasurer,round1
IA,19033,Cerro Gordo County,https://www.iowataxauction.com/,other_platform,verified_found,All Iowa counties use statewide iowataxauction.com platform,round2
IA,19035,Cherokee County,https://www.iowataxauction.com/,other_platform,verified_found,All Iowa counties use statewide iowataxauction.com platform,round2
IA,19037,Chickasaw County,https://www.iowataxauction.com/,other_platform,verified_found,All Iowa counties use statewide iowataxauction.com platform,round2
IA,19039,Clarke County,https://www.iowataxauction.com/,other_platform,verified_found,All Iowa counties use statewide iowataxauction.com platform,round2
IA,19041,Clay County,https://www.iowataxauction.com/,other_platform,verified_found,All Iowa counties use statewide iowataxauction.com platform,round2
IA,19043,Clayton County,https://www.iowataxauction.com/,other_platform,verified_found,All Iowa counties use statewide iowataxauction.com platform,round2
IA,19045,Clinton County,https://www.clintoncounty-ia.gov/treasurer/tax_sale/,official,verified_found,Annual tax sale via county treasurer; also uses GovEase platform,round1
IA,19047,Crawford County,https://www.iowataxauction.com/,other_platform,verified_found,All Iowa counties use statewide iowataxauction.com platform,round2
IA,19049,Dallas County,https://www.iowataxauction.com/,other_platform,verified_found,All Iowa counties use statewide iowataxauction.com platform,round2
IA,19051,Davis County,https://www.iowataxauction.com/,other_platform,verified_found,All Iowa counties use statewide iowataxauction.com platform,round2
IA,19053,Decatur County,https://www.iowataxauction.com/,other_platform,verified_found,All Iowa counties use statewide iowataxauction.com platform,round2
IA,19055,Delaware County,https://www.iowataxauction.com/,other_platform,verified_found,All Iowa counties use statewide iowataxauction.com platform,round2
IA,19057,Des Moines County,https://www.iowataxauction.com/,other_platform,verified_found,All Iowa counties use statewide iowataxauction.com platform,round2
IA,19059,Dickinson County,https://www.iowataxauction.com/,other_platform,verified_found,All Iowa counties use statewide iowataxauction.com platform,round2
IA,19061,Dubuque County,https://www.iowataxauction.com/,other_platform,verified_found,All Iowa counties use statewide iowataxauction.com platform,round2
IA,19063,Emmet County,https://www.iowataxauction.com/,other_platform,verified_found,All Iowa counties use statewide iowataxauction.com platform,round2
IA,19065,Fayette County,https://www.iowataxauction.com/,other_platform,verified_found,All Iowa counties use statewide iowataxauction.com platform,round2
IA,19067,Floyd County,https://www.iowataxauction.com/,other_platform,verified_found,All Iowa counties use statewide iowataxauction.com platform,round2
IA,19069,Franklin County,https://www.iowataxauction.com/,other_platform,verified_found,All Iowa counties use statewide iowataxauction.com platform,round2
IA,19071,Fremont County,https://www.iowataxauction.com/,other_platform,verified_found,All Iowa counties use statewide iowataxauction.com platform,round2
IA,19073,Greene County,https://www.iowataxauction.com/,other_platform,verified_found,All Iowa counties use statewide iowataxauction.com platform,round2
IA,19075,Grundy County,https://www.iowataxauction.com/,other_platform,verified_found,All Iowa counties use statewide iowataxauction.com platform,round2
IA,19077,Guthrie County,https://www.iowataxauction.com/,other_platform,verified_found,All Iowa counties use statewide iowataxauction.com platform,round2
IA,19079,Hamilton County,https://hancockcountyia.gov/treasurer/tax_sale/,official,verified_found,Annual tax sale via county treasurer,round1
IA,19081,Hancock County,https://hancockcountyia.gov/treasurer/tax_sale/,official,verified_found,Annual tax sale via county treasurer,round1
IA,19083,Hardin County,https://www.iowataxauction.com/,other_platform,verified_found,All Iowa counties use statewide iowataxauction.com platform,round2
IA,19085,Harrison County,https://www.iowataxauction.com/,other_platform,verified_found,All Iowa counties use statewide iowataxauction.com platform,round2
IA,19087,Henry County,https://www.iowataxauction.com/,other_platform,verified_found,All Iowa counties use statewide iowataxauction.com platform,round2
IA,19089,Howard County,https://www.iowataxauction.com/,other_platform,verified_found,All Iowa counties use statewide iowataxauction.com platform,round2
IA,19091,Humboldt County,https://www.iowataxauction.com/,other_platform,verified_found,All Iowa counties use statewide iowataxauction.com platform,round2
IA,19093,Ida County,https://www.iowataxauction.com/,other_platform,verified_found,All Iowa counties use statewide iowataxauction.com platform,round2
IA,19095,Iowa County,https://iowacounty.iowa.gov/treasurer/tax_sale/,official,verified_found,Annual tax sale via county treasurer,round1
IA,19097,Jackson County,https://jacksoncounty.iowa.gov/treasurer/tax_sale/,official,verified_found,Annual tax sale via county treasurer,round1
IA,19099,Jasper County,https://www.iowataxauction.com/,other_platform,verified_found,All Iowa counties use statewide iowataxauction.com platform,round2
IA,19101,Jefferson County,https://www.iowataxauction.com/,other_platform,verified_found,All Iowa counties use statewide iowataxauction.com platform,round2
IA,19103,Johnson County,https://www.iowataxauction.com/,other_platform,verified_found,All Iowa counties use statewide iowataxauction.com platform,round2
IA,19105,Jones County,https://www.iowataxauction.com/,other_platform,verified_found,All Iowa counties use statewide iowataxauction.com platform,round2
IA,19107,Keokuk County,https://www.iowataxauction.com/,other_platform,verified_found,All Iowa counties use statewide iowataxauction.com platform,round2
IA,19109,Kossuth County,https://www.iowataxauction.com/,other_platform,verified_found,All Iowa counties use statewide iowataxauction.com platform,round2
IA,19111,Lee County,https://www.iowataxauction.com/,other_platform,verified_found,All Iowa counties use statewide iowataxauction.com platform,round2
IA,19113,Linn County,https://www.iowataxauction.com/,other_platform,verified_found,All Iowa counties use statewide iowataxauction.com platform,round2
IA,19115,Louisa County,https://www.iowataxauction.com/,other_platform,verified_found,All Iowa counties use statewide iowataxauction.com platform,round2
IA,19117,Lucas County,https://www.iowataxauction.com/,other_platform,verified_found,All Iowa counties use statewide iowataxauction.com platform,round2
IA,19119,Lyon County,https://www.iowataxauction.com/,other_platform,verified_found,All Iowa counties use statewide iowataxauction.com platform,round2
IA,19121,Madison County,https://www.iowataxauction.com/,other_platform,verified_found,All Iowa counties use statewide iowataxauction.com platform,round2
IA,19123,Mahaska County,https://www.iowataxauction.com/,other_platform,verified_found,All Iowa counties use statewide iowataxauction.com platform,round2
IA,19125,Marion County,https://www.marioncountyiowa.gov/treasurer/tax_sale/,official,verified_found,Annual tax sale via county treasurer,round1
IA,19127,Marshall County,https://www.iowataxauction.com/,other_platform,verified_found,All Iowa counties use statewide iowataxauction.com platform,round2
IA,19129,Mills County,https://www.iowataxauction.com/,other_platform,verified_found,All Iowa counties use statewide iowataxauction.com platform,round2
IA,19131,Mitchell County,https://www.iowataxauction.com/,other_platform,verified_found,All Iowa counties use statewide iowataxauction.com platform,round2
IA,19133,Monona County,https://www.iowataxauction.com/,other_platform,verified_found,All Iowa counties use statewide iowataxauction.com platform,round2
IA,19135,Monroe County,https://www.iowataxauction.com/,other_platform,verified_found,All Iowa counties use statewide iowataxauction.com platform,round2
IA,19137,Montgomery County,https://www.iowataxauction.com/,other_platform,verified_found,All Iowa counties use statewide iowataxauction.com platform,round2
IA,19139,Muscatine County,https://www.iowataxauction.com/,other_platform,verified_found,All Iowa counties use statewide iowataxauction.com platform,round2
IA,19141,O'Brien County,https://www.iowataxauction.com/,other_platform,verified_found,All Iowa counties use statewide iowataxauction.com platform,round2
IA,19143,Osceola County,https://www.iowataxauction.com/,other_platform,verified_found,All Iowa counties use statewide iowataxauction.com platform,round2
IA,19145,Page County,https://www.iowataxauction.com/,other_platform,verified_found,All Iowa counties use statewide iowataxauction.com platform,round2
IA,19147,Palo Alto County,https://www.iowataxauction.com/,other_platform,verified_found,All Iowa counties use statewide iowataxauction.com platform,round2
IA,19149,Plymouth County,https://www.iowataxauction.com/,other_platform,verified_found,All Iowa counties use statewide iowataxauction.com platform,round2
IA,19151,Pocahontas County,https://www.iowataxauction.com/,other_platform,verified_found,All Iowa counties use statewide iowataxauction.com platform,round2
IA,19153,Polk County,https://www.iowataxauction.com/,other_platform,verified_found,All Iowa counties use statewide iowataxauction.com platform,round2
IA,19155,Pottawattamie County,https://www.iowataxauction.com/,other_platform,verified_found,All Iowa counties use statewide iowataxauction.com platform,round2
IA,19157,Poweshiek County,https://www.iowataxauction.com/,other_platform,verified_found,All Iowa counties use statewide iowataxauction.com platform,round2
IA,19159,Ringgold County,https://www.ringgoldcounty.iowa.gov/departments/treasurer/property_taxes.php,official,verified_found,Tax sale held third Monday in June,round1
IA,19161,Sac County,https://www.saccountyiowa.gov/treasurer/property_tax/,official,verified_found,Annual tax sale third Monday in June with online bidding,round1
IA,19163,Scott County,https://www.scottcountyiowa.gov/treasurer/tax-sale,official,verified_found,Tax sale and tax deed property information available,round1
IA,19165,Shelby County,https://www.iowataxauction.com,other_platform,verified_found,Uses statewide Iowa Tax Auction platform,round1
IA,19167,Sioux County,https://www.iowataxauction.com,other_platform,verified_found,Uses statewide Iowa Tax Auction platform,round1
IA,19169,Story County,https://www.iowataxauction.com,other_platform,verified_found,Uses statewide Iowa Tax Auction platform,round1
IA,19171,Tama County,https://tamacounty.iowa.gov/treasurer/property_tax/,official,verified_found,Tax sale third Monday in June,round1
IA,19173,Taylor County,https://taylorcounty.iowa.gov/,official,verified_found,Treasurer office handles tax sales,round1
IA,19175,Union County,https://www.iowataxauction.com,other_platform,verified_found,Uses statewide Iowa Tax Auction platform,round1
IA,19177,Van Buren County,https://www.vanburencounty.iowa.gov/offices/administrative/treasurer.php,official,verified_found,Treasurer's office coordinates tax sales,round1
IA,19179,Wapello County,https://www.wapellocounty.org/treasurer/tax_sale/,official,verified_found,Uses GovEase platform for online bidding,round1
IA,19181,Warren County,https://www.warrencountyia.gov/government/county-government/treasurer/tax-sale/,official,verified_found,Tax sale third Monday in June,round1
IA,19183,Washington County,https://washingtoncounty.iowa.gov/319/Tax-Sale-Information,official,verified_found,Delinquent tax sales information available,round1
IA,19185,Wayne County,https://www.iowataxauction.com,other_platform,verified_found,Uses statewide Iowa Tax Auction platform,round1
IA,19187,Webster County,https://www.iowataxauction.com,other_platform,verified_found,Uses statewide Iowa Tax Auction platform,round1
IA,19189,Winnebago County,https://www.iowataxauction.com,other_platform,verified_found,Uses statewide Iowa Tax Auction platform,round1
IA,19191,Winneshiek County,https://www.iowataxauction.com,other_platform,verified_found,Uses statewide Iowa Tax Auction platform,round1
IA,19193,Woodbury County,https://www.woodburycountyiowa.gov/treasurer/tax_sale/,official,verified_found,Online tax sale held third Monday in June,round1
IA,19195,Worth County,https://worthcountyiowa.gov/treasurer/,official,verified_found,Tax sale held third Monday in June,round1
IA,19197,Wright County,https://www.wrightcounty.iowa.gov/departments/treasurer/tax_department.php,official,verified_found,Tax sale third Monday in June,round1
ID,16001,Ada County,https://adacounty.id.gov/treasurer/property-auction-tax-delinquencies/,official,verified_found,Tax deed auctions held within 14 months of issuance,round1
ID,16003,Adams County,https://www.co.adams.id.us/departments/treasurer,official,verified_found,Tax deed process administered by Treasurer,round1
ID,16005,Bannock County,https://www.bannockcounty.gov/treasurer/,official,verified_found,14-month redemption period for tax deeds,round1
ID,16007,Bear Lake County,https://www.bearlakecounty.info/treasurer.html,official,verified_found,Tax sale information available through Treasurer,round1
ID,16009,Benewah County,https://www.benewahcountyid.gov/departments/treasurer,official,verified_found,Tax deed sales process through Treasurer,round1
ID,16011,Bingham County,https://web.binghamid.gov/treasurer/treasurer_tax_deed.html,official,verified_found,Tax deed page available on county website,round1
ID,16013,Blaine County,https://www.blainecountyid.gov/228/Treasurer,official,verified_found,Tax Board conducts auctions,round1
ID,16015,Boise County,https://www.boisecounty.us/services/treasurer/,official,verified_found,Auctions held at courthouse steps,round1
ID,16017,Bonner County,https://www.bonnercountyid.gov/TaxDeedandSaleInformation,official,verified_found,Tax deed hearing held in May annually,round1
ID,16019,Bonneville County,,not_found,verified_not_found,In-person auction only; May 2026 auction cancelled,round2
ID,16021,Boundary County,https://boundarycountyid.org/department/treasurer/,official,verified_found,Public auctions held by Commissioners,round1
ID,16023,Butte County,https://buttecountyid.us/public-notices/,official,verified_found,Public notices section available,round1
ID,16025,Camas County,https://camascounty.id.gov/departments-2/treasurer/,official,verified_found,Tax foreclosure auctions conducted by Tax Board,round1
ID,16027,Canyon County,https://www.canyoncounty.id.gov/elected-officials/treasurer/tax-deed/,official,verified_found,Dedicated tax deed page with auction information,round1
ID,16029,Caribou County,https://www.cariboucounty.us/departments/county_treasurer/index.php,official,verified_found,Tax foreclosure auctions available,round1
ID,16031,Cassia County,https://www.cassia.gov/tax-deed-sales,official,verified_found,Official Cassia County tax deed sales page,round5
ID,16033,Clark County,,,pending,not yet attempted,
ID,16035,Clearwater County,,,pending,not yet attempted,
ID,16037,Custer County,,official,pending,Searched; no dedicated URL found; contact Treasurer 208-879-2330,round5
ID,16039,Elmore County,,not_found,verified_not_found,In-person auction in May; no dedicated online platform,round2
ID,16041,Franklin County,,,pending,not yet attempted,
ID,16043,Fremont County,https://www.fremontcountyid.gov/243/TreasurerTax-Collector,official,verified_found,Fremont County Treasurer page includes Tax Deed Auction 2027 link,round5
ID,16045,Gem County,https://www.gemcounty.org/departments_offices/county_treasurer/index.php,official,verified_found,Gem County treasurer page includes Tax Deed link and Pending Issue of Tax Deed,round5
ID,16047,Gooding County,https://www.goodingcounty.org/225/Tax-Deed-Sale,official,verified_found,Gooding County official tax deed sale page,round5
ID,16049,Idaho County,,,pending,not yet attempted,
ID,16051,Jefferson County,,,pending,not yet attempted,
ID,16053,Jerome County,,official,pending,Treasurer page shows upcoming tax deed sale info (Sept 7-8 2026) but no dedicated URL,round5
ID,16055,Kootenai County,https://kootenai.id.realforeclose.com,realauction,verified_found,RealAuction.com platform (Real Foreclose),round2
ID,16057,Latah County,https://www.latah.id.us/treasurer/taxdeedfaq,official,verified_found,Latah County treasurer tax deed FAQ page,round5
ID,16059,Lemhi County,,,pending,not yet attempted,
ID,16061,Lewis County,http://www.lewiscountyid.us/Elected-Officials/Treasurer/Tax-Deed-Sales,official,verified_found,Lewis County treasurer tax deed sales page,round5
ID,16063,Lincoln County,,,pending,not yet attempted,
ID,16065,Madison County,https://www.madisoncountyid.gov/notice_of_public_auction_sale/index.php,official,verified_found,Official Madison County notice of public auction sale page,round5
ID,16067,Minidoka County,https://www.minidoka.id.us/384/Tax-Deed-Auctions,official,verified_found,Minidoka County official tax deed auctions page,round5
ID,16069,Nez Perce County,,,pending,not yet attempted,
ID,16071,Oneida County,,,pending,not yet attempted,
ID,16073,Owyhee County,https://owyheecounty.net/departments/treasurer/tax-deed/,official,verified_found,Owyhee County treasurer tax deed page,round5
ID,16075,Payette County,https://www.payettecounty.org/elected-officials/treasurer/tax-deeded-property,official,verified_found,Payette County treasurer tax-deeded property page,round5
ID,16077,Power County,,,pending,not yet attempted,
ID,16079,Shoshone County,,not_found,verified_not_found,Live in-person auction only at courthouse; no online platform,round2
ID,16081,Teton County,,,pending,not yet attempted,
ID,16083,Twin Falls County,,not_found,verified_not_found,In-person auction at courthouse; no online platform,round2
ID,16085,Valley County,,,pending,not yet attempted,
ID,16087,Washington County,,,pending,not yet attempted,
IL,17001,Adams County,https://www.adamscountyil.gov/government/departments/treasurer/tax-sale,official,verified_found,County treasurer manages annual tax sale,round3
IL,17003,Alexander County,,blank,verified_not_found,Treasurer office exists but no online tax sale page found,round4
IL,17005,Bond County,https://bondcountyil.gov/treasurer/tax-sale-information/,official,verified_found,Annual tax sale registered bidding,round4
IL,17007,Boone County,https://boonecountytreasurer.us/tax-sale-information/,official,verified_found,Annual tax sale next 10/29/2026,round4
IL,17009,Brown County,https://iltaxsale.com/new/index.php/county/Brown/BRO,iltaxsale,verified_found,Verified 09/07/2026,round5
IL,17011,Bureau County,,blank,verified_not_found,Treasurer office found but specific tax sale URL not located,round4
IL,17013,Calhoun County,,blank,verified_not_found,Treasurer office found but no tax sale page URL identified,round4
IL,17015,Carroll County,,blank,verified_not_found,Foreclosure sales via sheriff not county treasurer,round4
IL,17017,Cass County,,blank,verified_not_found,Annual sale announced but no direct URL found,round4
IL,17019,Champaign County,https://www.champaigncountyil.gov/treasurer/Taxes.php,official,verified_found,Annual tax sale October 30 2026,round3
IL,17021,Christian County,,blank,verified_not_found,Uses aggregator sites (iltaxsale.com/iltaxsalebids.com),round4
IL,17023,Clark County,https://www.clarkcountyil.org/TaxSale,official,verified_found,Annual delinquent tax sale with RAMS 2 system,round4
IL,17025,Clay County,,blank,verified_not_found,Uses aggregator sites (iltaxsale.com/iltaxsalebids.com),round4
IL,17027,Clinton County,,blank,verified_not_found,Annual tax sale announced but no dedicated URL found,round4
IL,17029,Coles County,,blank,verified_not_found,County website unreachable during research,round4
IL,17031,Cook County,https://www.cookcountytreasurer.com/taxsalegeneralinformation.aspx,official,verified_found,Annual and Scavenger sales,round3
IL,17033,Crawford County,,blank,verified_not_found,Treasurer office has no tax sale section,round4
IL,17035,Cumberland County,https://iltaxsale.com/new/index.php/county/Cumberland/CUM,iltaxsale,verified_found,Pattern verified,round5
IL,17039,De Witt County,https://iltaxsale.com/new/index.php/county/DeWitt/DEW,iltaxsale,verified_found,Verified 09/07/2026,round5
IL,17037,DeKalb County,https://iltaxsale.com/new/index.php/county/DeKalb/DEK,iltaxsale,verified_found,Pattern verified,round5
IL,17041,Douglas County,https://iltaxsale.com/new/index.php/county/Douglas/DOU,iltaxsale,verified_found,Pattern verified,round5
IL,17043,DuPage County,https://www.dupagecountyil.gov/elected_officials/treasurer/tax_sale/,official,verified_found,Annual Tax Sale Nov 20-21 2025; lien-only sale per search results,round2
IL,17045,Edgar County,https://iltaxsale.com/new/index.php/county/Edgar/EDG,iltaxsale,verified_found,Pattern verified,round5
IL,17047,Edwards County,https://iltaxsale.com/new/index.php/county/Edwards/EDW,iltaxsale,verified_found,Pattern verified,round5
IL,17049,Effingham County,https://iltaxsale.com/new/index.php/county/Effingham/EFF,iltaxsale,verified_found,Pattern verified,round5
IL,17051,Fayette County,https://iltaxsale.com/new/index.php/county/Fayette/FAY,iltaxsale,verified_found,Pattern verified,round5
IL,17053,Ford County,https://iltaxsale.com/new/index.php/county/Ford/FOR,iltaxsale,verified_found,Pattern verified,round5
IL,17055,Franklin County,https://www.dupagecounty.gov/elected_officials/treasurer/tax_sale_information.php,official,verified_found,Lien sale with RAMS system,round3
IL,17057,Fulton County,https://iltaxsale.com/new/index.php/county/Fulton/FUL,iltaxsale,verified_found,Verified 09/07/2026,round5
IL,17059,Gallatin County,https://iltaxsale.com/new/index.php/county/Gallatin/GAL,iltaxsale,verified_found,Pattern verified,round5
IL,17061,Greene County,https://iltaxsale.com/new/index.php/county/Greene/GRE,iltaxsale,verified_found,Pattern verified,round5
IL,17063,Grundy County,https://iltaxsale.com/new/index.php/county/Grundy/GRU,iltaxsale,verified_found,Pattern verified,round5
IL,17065,Hamilton County,https://iltaxsale.com/new/index.php/county/Hamilton/HAM,iltaxsale,verified_found,Pattern verified,round5
IL,17067,Hancock County,https://iltaxsale.com/new/index.php/county/Hancock/HAN,iltaxsale,verified_found,Pattern verified,round5
IL,17069,Hardin County,https://iltaxsale.com/new/index.php/county/Hardin/HAR,iltaxsale,verified_found,Pattern verified,round5
IL,17071,Henderson County,https://iltaxsale.com/new/index.php/county/Henderson/HEN,iltaxsale,verified_found,Pattern verified,round5
IL,17073,Henry County,https://iltaxsale.com/new/index.php/county/Henry/HEN,iltaxsale,verified_found,Pattern verified (note: may conflict with Henderson HEN),round5
IL,17075,Iroquois County,https://iltaxsale.com/new/index.php/county/Iroquois/IRO,iltaxsale,verified_found,Pattern verified,round5
IL,17077,Jackson County,https://iltaxsale.com/new/index.php/county/Jackson/JAC,iltaxsale,verified_found,Pattern verified,round5
IL,17079,Jasper County,https://iltaxsale.com/new/index.php/county/Jasper/JAS,iltaxsale,verified_found,Pattern verified,round5
IL,17081,Jefferson County,https://iltaxsale.com/new/index.php/county/Jefferson/JEF,iltaxsale,verified_found,Pattern verified,round5
IL,17083,Jersey County,https://iltaxsale.com/new/index.php/county/Jersey/JER,iltaxsale,verified_found,Pattern verified,round5
IL,17085,Jo Daviess County,https://iltaxsale.com/new/index.php/county/Jo Daviess/JOD,iltaxsale,verified_found,Pattern verified,round5
IL,17087,Johnson County,https://iltaxsale.com/new/index.php/county/Johnson/JOH,iltaxsale,verified_found,Pattern verified,round5
IL,17089,Kane County,https://treasurer.kanecountyil.gov/,official,verified_found,Annual tax sale last Monday of October,round3
IL,17091,Kankakee County,https://iltaxsale.com/new/index.php/county/Kankakee/KAN,iltaxsale,verified_found,Pattern verified,round5
IL,17093,Kendall County,https://iltaxsale.com/new/index.php/county/Kendall/KEN,iltaxsale,verified_found,Pattern verified,round5
IL,17095,Knox County,https://iltaxsale.com/new/index.php/county/Knox/KNO,iltaxsale,verified_found,Pattern verified,round5
IL,17097,Lake County,https://www.lakecountyil.gov/200/Tax-Sales,official,verified_found,Tax sale for delinquent 2024 taxes,round3
IL,17099,LaSalle County,https://iltaxsale.com/new/index.php/county/LaSalle/LAS,iltaxsale,verified_found,Pattern verified,round5
IL,17101,Lawrence County,https://iltaxsale.com/new/index.php/county/Lawrence/LAW,iltaxsale,verified_found,Pattern verified,round5
IL,17103,Lee County,https://iltaxsale.com/new/index.php/county/Lee/LEE,iltaxsale,verified_found,Pattern verified,round5
IL,17105,Livingston County,https://iltaxsale.com/new/index.php/county/Livingston/LIV,iltaxsale,verified_found,Pattern verified,round5
IL,17107,Logan County,https://iltaxsale.com/new/index.php/county/Logan/LOG,iltaxsale,verified_found,Pattern verified,round5
IL,17115,Macon County,https://iltaxsale.com/new/index.php/county/Macon/MAC,iltaxsale,verified_found,Pattern verified,round5
IL,17117,Macoupin County,https://www.madisoncountyil.gov/treasurer/tax_buyer.php,official,verified_found,Annual Tax Sale Feb 17 2026 per search results,round2
IL,17119,Madison County,https://iltaxsale.com/new/index.php/county/Madison/MAD,iltaxsale,verified_found,Pattern verified,round5
IL,17121,Marion County,https://iltaxsale.com/new/index.php/county/Marion/MAR,iltaxsale,verified_found,Pattern verified,round5
IL,17123,Marshall County,https://iltaxsale.com/new/index.php/county/Marshall/MAS,iltaxsale,verified_found,Pattern verified,round5
IL,17125,Mason County,https://iltaxsale.com/new/index.php/county/Mason/MAS,iltaxsale,verified_found,Pattern verified (note: may conflict with Marshall MAS),round5
IL,17127,Massac County,https://iltaxsale.com/new/index.php/county/Massac/MAS,iltaxsale,verified_found,Pattern verified (note: may conflict with Marshall/Mason MAS),round5
IL,17109,McDonough County,https://iltaxsale.com/new/index.php/county/McDonough/MCD,iltaxsale,verified_found,Pattern verified,round5
IL,17111,McHenry County,https://iltaxsale.com/new/index.php/county/McHenry/MCH,iltaxsale,verified_found,Pattern verified,round5
IL,17113,McLean County,https://www.mcleancountyil.gov/401/Annual-Tax-Sale,official,verified_found,Annual Tax Sale Nov 6 2026 per search results,round2
IL,17129,Menard County,https://iltaxsale.com/new/index.php/county/Menard/MEN,iltaxsale,verified_found,Pattern verified,round5
IL,17131,Mercer County,https://iltaxsale.com/new/index.php/county/Mercer/MER,iltaxsale,verified_found,Pattern verified,round5
IL,17133,Monroe County,https://iltaxsale.com/new/index.php/county/Monroe/MON,iltaxsale,verified_found,Pattern verified,round5
IL,17135,Montgomery County,https://iltaxsale.com/new/index.php/county/Montgomery/MON,iltaxsale,verified_found,Pattern verified (note: may conflict with Monroe MON),round5
IL,17137,Morgan County,https://iltaxsale.com/new/index.php/county/Morgan/MOR,iltaxsale,verified_found,Pattern verified,round5
IL,17139,Moultrie County,https://iltaxsale.com/new/index.php/county/Moultrie/MOU,iltaxsale,verified_found,Pattern verified,round5
IL,17141,Ogle County,https://iltaxsale.com/new/index.php/county/Ogle/OGL,iltaxsale,verified_found,Pattern verified,round5
IL,17143,Peoria County,https://iltaxsale.com/new/index.php/county/Peoria/PEO,iltaxsale,verified_found,Pattern verified,round5
IL,17145,Perry County,https://iltaxsale.com/new/index.php/county/Perry/PER,iltaxsale,verified_found,Pattern verified,round5
IL,17147,Piatt County,https://iltaxsale.com/new/index.php/county/Piatt/PIA,iltaxsale,verified_found,Pattern verified,round5
IL,17149,Pike County,https://iltaxsale.com/new/index.php/county/Pike/PIK,iltaxsale,verified_found,Pattern verified,round5
IL,17151,Pope County,https://iltaxsale.com/new/index.php/county/Pope/POP,iltaxsale,verified_found,Pattern verified,round5
IL,17153,Pulaski County,https://iltaxsale.com/new/index.php/county/Pulaski/PUL,iltaxsale,verified_found,Pattern verified,round5
IL,17155,Putnam County,https://iltaxsale.com/new/index.php/county/Putnam/PUT,iltaxsale,verified_found,Pattern verified,round5
IL,17157,Randolph County,https://iltaxsale.com/new/index.php/county/Randolph/RAN,iltaxsale,verified_found,Pattern verified,round5
IL,17159,Richland County,https://iltaxsale.com/new/index.php/county/Richland/RIC,iltaxsale,verified_found,Pattern verified,round5
IL,17161,Rock Island County,https://iltaxsale.com/new/index.php/county/Rock Island/ROC,iltaxsale,verified_found,Pattern verified,round5
IL,17165,Saline County,https://iltaxsale.com/new/index.php/county/Saline/SAL,iltaxsale,verified_found,Pattern verified,round5
IL,17167,Sangamon County,https://sangamonil.gov/departments/s-z/treasurer/annual-tax-sale,official,verified_found,Annual Tax Sale via Treasurer per search results,round2
IL,17169,Schuyler County,https://iltaxsale.com/new/index.php/county/Schuyler/SCH,iltaxsale,verified_found,Pattern verified,round5
IL,17171,Scott County,https://iltaxsale.com/new/index.php/county/Scott/SCO,iltaxsale,verified_found,Pattern verified,round5
IL,17173,Shelby County,https://iltaxsale.com/new/index.php/county/Shelby/SHE,iltaxsale,verified_found,Pattern verified,round5
IL,17163,St. Clair County,https://iltaxsale.com/new/index.php/county/St. Clair/STC,iltaxsale,verified_found,Pattern verified,round5
IL,17175,Stark County,https://iltaxsale.com/new/index.php/county/Stark/STA,iltaxsale,verified_found,Pattern verified,round5
IL,17177,Stephenson County,https://iltaxsale.com/new/index.php/county/Stephenson/STE,iltaxsale,verified_found,Pattern verified,round5
IL,17179,Tazewell County,https://iltaxsale.com/new/index.php/county/Tazewell/TAZ,iltaxsale,verified_found,Pattern verified,round5
IL,17181,Union County,https://iltaxsale.com/new/index.php/county/Union/UNI,iltaxsale,verified_found,Pattern verified,round5
IL,17183,Vermilion County,https://iltaxsale.com/new/index.php/county/Vermilion/VER,iltaxsale,verified_found,Pattern verified,round5
IL,17185,Wabash County,https://iltaxsale.com/new/index.php/county/Wabash/WAB,iltaxsale,verified_found,Pattern verified,round5
IL,17187,Warren County,https://iltaxsale.com/new/index.php/county/Warren/WAR,iltaxsale,verified_found,Pattern verified,round5
IL,17189,Washington County,https://iltaxsale.com/new/index.php/county/Washington/WAS,iltaxsale,verified_found,Pattern verified,round5
IL,17191,Wayne County,https://iltaxsale.com/new/index.php/county/Wayne/WA,iltaxsale,verified_found,Pattern verified,round5
IL,17193,White County,https://iltaxsale.com/new/index.php/county/White/WHI,iltaxsale,verified_found,Pattern verified,round5
IL,17195,Whiteside County,https://iltaxsale.com/new/index.php/county/Whiteside/WHI,iltaxsale,verified_found,Pattern verified (note: may conflict with White WHI),round5
IL,17197,Will County,https://willcounty.gov/County-Offices/Finance-and-Revenue/Treasurer-Office/Tax-Sale-Information,official,verified_found,Annual tax sale December 1 2026,round3
IL,17199,Williamson County,https://iltaxsale.com/new/index.php/county/Williamson/WIL,iltaxsale,verified_found,Pattern verified,round5
IL,17201,Winnebago County,https://iltaxsale.com/new/index.php/county/Winnebago/WIN,iltaxsale,verified_found,Pattern verified,round5
IL,17203,Woodford County,https://iltaxsale.com/new/index.php/county/Woodford/WOO,iltaxsale,verified_found,Pattern verified,round5
IN,18001,Adams County,https://properties.sriservices.com/countyDetail?stateName=IN&countyName=Adams,sri,verified_found,SRI services Indiana; online auctions at properties.sriservices.com,round2
IN,18003,Allen County,https://www.govease.com/,govease,verified_found,Uses GovEase platform for tax auctions,round2
IN,18005,Bartholomew County,https://properties.sriservices.com/countyDetail?stateName=IN&countyName=Bartholomew,sri,verified_found,SRI services Indiana; zeusauction.com for online bidding,round2
IN,18007,Benton County,https://properties.sriservices.com/countyDetail?stateName=IN&countyName=Benton,sri,verified_found,SRI services Indiana,round2
IN,18009,Blackford County,https://properties.sriservices.com/countyDetail?stateName=IN&countyName=Blackford,sri,verified_found,SRI services Indiana,round2
IN,18011,Boone County,https://properties.sriservices.com/countyDetail?stateName=IN&countyName=Boone,sri,verified_found,SRI services Indiana,round2
IN,18013,Brown County,https://properties.sriservices.com/countyDetail?stateName=IN&countyName=Brown,sri,verified_found,SRI services Indiana,round2
IN,18015,Carroll County,https://properties.sriservices.com/countyDetail?stateName=IN&countyName=Carroll,sri,verified_found,SRI services Indiana,round2
IN,18017,Cass County,https://properties.sriservices.com/countyDetail?stateName=IN&countyName=Cass,sri,verified_found,SRI services Indiana,round2
IN,18019,Clark County,https://properties.sriservices.com/countyDetail?stateName=IN&countyName=Clark,sri,verified_found,SRI services Indiana,round2
IN,18021,Clay County,https://properties.sriservices.com/countyDetail?stateName=IN&countyName=Clay,sri,verified_found,SRI services Indiana,round2
IN,18023,Clinton County,https://properties.sriservices.com/countyDetail?stateName=IN&countyName=Clinton,sri,verified_found,SRI services Indiana,round2
IN,18025,Crawford County,https://properties.sriservices.com/countyDetail?stateName=IN&countyName=Crawford,sri,verified_found,SRI services Indiana,round2
IN,18027,Daviess County,https://properties.sriservices.com/countyDetail?stateName=IN&countyName=Daviess,sri,verified_found,SRI services Indiana,round2
IN,18029,Dearborn County,https://properties.sriservices.com/countyDetail?stateName=IN&countyName=Dearborn,sri,verified_found,SRI services Indiana,round2
IN,18031,Decatur County,https://properties.sriservices.com/countyDetail?stateName=IN&countyName=Decatur,sri,verified_found,SRI services Indiana,round2
IN,18033,DeKalb County,https://properties.sriservices.com/countyDetail?stateName=IN&countyName=DeKalb,sri,verified_found,SRI services Indiana,round2
IN,18035,Delaware County,https://properties.sriservices.com/countyDetail?stateName=IN&countyName=Delaware,sri,verified_found,SRI services Indiana,round2
IN,18037,Dubois County,https://properties.sriservices.com/countyDetail?stateName=IN&countyName=Dubois,sri,verified_found,SRI services Indiana,round2
IN,18039,Elkhart County,https://properties.sriservices.com/countyDetail?stateName=IN&countyName=Elkhart,sri,verified_found,SRI services Indiana,round2
IN,18041,Fayette County,https://properties.sriservices.com/countyDetail?stateName=IN&countyName=Fayette,sri,verified_found,SRI services Indiana,round2
IN,18043,Floyd County,https://properties.sriservices.com/countyDetail?stateName=IN&countyName=Floyd,sri,verified_found,SRI services Indiana,round2
IN,18045,Fountain County,https://properties.sriservices.com/countyDetail?stateName=IN&countyName=Fountain,sri,verified_found,SRI services Indiana,round2
IN,18047,Franklin County,https://properties.sriservices.com/countyDetail?stateName=IN&countyName=Franklin,sri,verified_found,SRI services Indiana,round2
IN,18049,Fulton County,https://properties.sriservices.com/countyDetail?stateName=IN&countyName=Fulton,sri,verified_found,SRI services Indiana,round2
IN,18051,Gibson County,https://properties.sriservices.com/countyDetail?stateName=IN&countyName=Gibson,sri,verified_found,SRI services Indiana,round2
IN,18053,Grant County,https://properties.sriservices.com/countyDetail?stateName=IN&countyName=Grant,sri,verified_found,SRI services Indiana,round2
IN,18055,Greene County,https://properties.sriservices.com/countyDetail?stateName=IN&countyName=Greene,sri,verified_found,SRI services Indiana,round2
IN,18057,Hamilton County,https://properties.sriservices.com/countyDetail?stateName=IN&countyName=Hamilton,sri,verified_found,SRI services Indiana,round2
IN,18059,Hancock County,https://properties.sriservices.com/countyDetail?stateName=IN&countyName=Hancock,sri,verified_found,SRI services Indiana,round2
IN,18061,Harrison County,https://properties.sriservices.com/countyDetail?stateName=IN&countyName=Harrison,sri,verified_found,SRI services Indiana,round2
IN,18063,Hendricks County,https://properties.sriservices.com/countyDetail?stateName=IN&countyName=Hendricks,sri,verified_found,SRI services Indiana,round2
IN,18065,Henry County,https://properties.sriservices.com/countyDetail?stateName=IN&countyName=Henry,sri,verified_found,SRI services Indiana,round2
IN,18067,Howard County,https://properties.sriservices.com/countyDetail?stateName=IN&countyName=Howard,sri,verified_found,SRI services Indiana,round2
IN,18069,Huntington County,https://properties.sriservices.com/countyDetail?stateName=IN&countyName=Huntington,sri,verified_found,SRI services Indiana,round2
IN,18071,Jackson County,https://properties.sriservices.com/countyDetail?stateName=IN&countyName=Jackson,sri,verified_found,SRI services Indiana,round2
IN,18073,Jasper County,https://properties.sriservices.com/countyDetail?stateName=IN&countyName=Jasper,sri,verified_found,SRI services Indiana,round2
IN,18075,Jay County,https://properties.sriservices.com/countyDetail?stateName=IN&countyName=Jay,sri,verified_found,SRI services Indiana,round2
IN,18077,Jefferson County,https://properties.sriservices.com/countyDetail?stateName=IN&countyName=Jefferson,sri,verified_found,SRI services Indiana,round2
IN,18079,Jennings County,https://properties.sriservices.com/countyDetail?stateName=IN&countyName=Jennings,sri,verified_found,SRI services Indiana,round2
IN,18081,Johnson County,https://properties.sriservices.com/countyDetail?stateName=IN&countyName=Johnson,sri,verified_found,SRI services Indiana,round2
IN,18083,Knox County,https://properties.sriservices.com/countyDetail?stateName=IN&countyName=Knox,sri,verified_found,SRI services Indiana,round2
IN,18085,Kosciusko County,https://properties.sriservices.com/countyDetail?stateName=IN&countyName=Kosciusko,sri,verified_found,SRI services Indiana,round2
IN,18087,LaGrange County,https://properties.sriservices.com/countyDetail?stateName=IN&countyName=LaGrange,sri,verified_found,SRI services Indiana,round2
IN,18089,Lake County,https://properties.sriservices.com/countyDetail?stateName=IN&countyName=Lake,sri,verified_found,SRI services Indiana; zeusauction.com for online bidding,round2
IN,18091,LaPorte County,https://properties.sriservices.com/countyDetail?stateName=IN&countyName=LaPorte,sri,verified_found,SRI services Indiana,round2
IN,18093,Lawrence County,https://properties.sriservices.com/countyDetail?stateName=IN&countyName=Lawrence,sri,verified_found,SRI services Indiana,round2
IN,18095,Madison County,https://properties.sriservices.com/countyDetail?stateName=IN&countyName=Madison,sri,verified_found,SRI services Indiana,round2
IN,18097,Marion County,https://www.govease.com/,govease,verified_found,Uses GovEase platform for tax auctions,round2
IN,18099,Marshall County,https://properties.sriservices.com/countyDetail?stateName=IN&countyName=Marshall,sri,verified_found,SRI services Indiana,round2
IN,18101,Martin County,https://properties.sriservices.com/countyDetail?stateName=IN&countyName=Martin,sri,verified_found,SRI services Indiana,round2
IN,18103,Miami County,https://properties.sriservices.com/countyDetail?stateName=IN&countyName=Miami,sri,verified_found,SRI services Indiana,round2
IN,18105,Monroe County,https://properties.sriservices.com/countyDetail?stateName=IN&countyName=Monroe,sri,verified_found,SRI services Indiana,round2
IN,18107,Montgomery County,https://properties.sriservices.com/countyDetail?stateName=IN&countyName=Montgomery,sri,verified_found,SRI services Indiana,round2
IN,18109,Morgan County,https://properties.sriservices.com/countyDetail?stateName=IN&countyName=Morgan,sri,verified_found,SRI services Indiana,round2
IN,18111,Newton County,https://properties.sriservices.com/countyDetail?stateName=IN&countyName=Newton,sri,verified_found,SRI services Indiana,round2
IN,18113,Noble County,https://properties.sriservices.com/countyDetail?stateName=IN&countyName=Noble,sri,verified_found,SRI services Indiana,round2
IN,18115,Ohio County,https://properties.sriservices.com/countyDetail?stateName=IN&countyName=Ohio,sri,verified_found,SRI services Indiana,round2
IN,18117,Orange County,https://properties.sriservices.com/countyDetail?stateName=IN&countyName=Orange,sri,verified_found,SRI services Indiana,round2
IN,18119,Owen County,https://properties.sriservices.com/countyDetail?stateName=IN&countyName=Owen,sri,verified_found,SRI services Indiana,round2
IN,18121,Parke County,https://properties.sriservices.com/countyDetail?stateName=IN&countyName=Parke,sri,verified_found,SRI services Indiana,round2
IN,18123,Perry County,https://properties.sriservices.com/countyDetail?stateName=IN&countyName=Perry,sri,verified_found,SRI services Indiana,round2
IN,18125,Pike County,https://properties.sriservices.com/countyDetail?stateName=IN&countyName=Pike,sri,verified_found,SRI services Indiana,round2
IN,18127,Porter County,https://properties.sriservices.com/countyDetail?stateName=IN&countyName=Porter,sri,verified_found,SRI services Indiana,round2
IN,18129,Posey County,https://properties.sriservices.com/countyDetail?stateName=IN&countyName=Posey,sri,verified_found,SRI services Indiana,round2
IN,18131,Pulaski County,https://properties.sriservices.com/countyDetail?stateName=IN&countyName=Pulaski,sri,verified_found,SRI services Indiana,round2
IN,18133,Putnam County,https://properties.sriservices.com/countyDetail?stateName=IN&countyName=Putnam,sri,verified_found,SRI services Indiana,round2
IN,18135,Randolph County,https://properties.sriservices.com/countyDetail?stateName=IN&countyName=Randolph,sri,verified_found,SRI services Indiana,round2
IN,18137,Ripley County,https://properties.sriservices.com/countyDetail?stateName=IN&countyName=Ripley,sri,verified_found,SRI services Indiana,round2
IN,18139,Rush County,https://properties.sriservices.com/countyDetail?stateName=IN&countyName=Rush,sri,verified_found,SRI services Indiana,round2
IN,18143,Scott County,https://properties.sriservices.com/countyDetail?stateName=IN&countyName=Scott,sri,verified_found,SRI services Indiana,round2
IN,18145,Shelby County,https://properties.sriservices.com/countyDetail?stateName=IN&countyName=Shelby,sri,verified_found,SRI services Indiana,round2
IN,18147,Spencer County,https://properties.sriservices.com/countyDetail?stateName=IN&countyName=Spencer,sri,verified_found,SRI services Indiana,round2
IN,18141,St. Joseph County,https://properties.sriservices.com/countyDetail?stateName=IN&countyName=St. Joseph,sri,verified_found,SRI services Indiana,round2
IN,18149,Starke County,https://properties.sriservices.com/countyDetail?stateName=IN&countyName=Starke,sri,verified_found,SRI services Indiana,round2
IN,18151,Steuben County,https://properties.sriservices.com/countyDetail?stateName=IN&countyName=Steuben,sri,verified_found,SRI services Indiana,round2
IN,18153,Sullivan County,https://properties.sriservices.com/countyDetail?stateName=IN&countyName=Sullivan,sri,verified_found,SRI services Indiana,round2
IN,18155,Switzerland County,https://properties.sriservices.com/countyDetail?stateName=IN&countyName=Switzerland,sri,verified_found,SRI services Indiana,round2
IN,18157,Tippecanoe County,https://properties.sriservices.com/countyDetail?stateName=IN&countyName=Tippecanoe,sri,verified_found,SRI services Indiana,round2
IN,18159,Tipton County,https://properties.sriservices.com/countyDetail?stateName=IN&countyName=Tipton,sri,verified_found,SRI services Indiana,round2
IN,18161,Union County,https://properties.sriservices.com/countyDetail?stateName=IN&countyName=Union,sri,verified_found,SRI services Indiana,round2
IN,18163,Vanderburgh County,https://properties.sriservices.com/countyDetail?stateName=IN&countyName=Vanderburgh,sri,verified_found,SRI services Indiana,round2
IN,18165,Vermillion County,https://properties.sriservices.com/countyDetail?stateName=IN&countyName=Vermillion,sri,verified_found,SRI services Indiana,round2
IN,18167,Vigo County,https://properties.sriservices.com/countyDetail?stateName=IN&countyName=Vigo,sri,verified_found,SRI services Indiana,round2
IN,18169,Wabash County,https://properties.sriservices.com/countyDetail?stateName=IN&countyName=Wabash,sri,verified_found,SRI services Indiana,round2
IN,18171,Warren County,https://properties.sriservices.com/countyDetail?stateName=IN&countyName=Warren,sri,verified_found,SRI services Indiana,round2
IN,18173,Warrick County,https://properties.sriservices.com/countyDetail?stateName=IN&countyName=Warrick,sri,verified_found,SRI services Indiana,round2
IN,18175,Washington County,https://properties.sriservices.com/countyDetail?stateName=IN&countyName=Washington,sri,verified_found,SRI services Indiana,round2
IN,18177,Wayne County,https://properties.sriservices.com/countyDetail?stateName=IN&countyName=Wayne,sri,verified_found,SRI services Indiana,round2
IN,18179,Wells County,https://properties.sriservices.com/countyDetail?stateName=IN&countyName=Wells,sri,verified_found,SRI services Indiana,round2
IN,18181,White County,https://properties.sriservices.com/countyDetail?stateName=IN&countyName=White,sri,verified_found,SRI services Indiana,round2
IN,18183,Whitley County,https://properties.sriservices.com/countyDetail?stateName=IN&countyName=Whitley,sri,verified_found,SRI services Indiana,round2
KS,20001,Allen County,,official,pending,Searched - no dedicated tax sale auction URL found; contact Treasurer,round5
KS,20003,Anderson County,https://andersoncountyks.org/tax-sale-schedule.html,official,verified_found,Anderson County tax sale schedule,round3
KS,20005,Atchison County,https://atchisoncountyks.org/637/Tax-Sale,official,verified_found,Verified county treasurer website,round4
KS,20007,Barber County,,official,pending,Searched - no dedicated tax sale auction URL found; contact Treasurer,round5
KS,20009,Barton County,,official,pending,Searched - no dedicated tax sale auction URL found; contact Treasurer,round5
KS,20011,Bourbon County,,official,pending,Searched - no dedicated tax sale auction URL found; contact Treasurer,round5
KS,20013,Brown County,,official,pending,Searched - no dedicated tax sale auction URL found; contact Treasurer,round5
KS,20015,Butler County,,official,verified_not_found,No accessible county website found,round3
KS,20017,Chase County,,official,verified_not_found,Searched county website; no dedicated tax sale auction page found - contact Treasurer,round5
KS,20019,Chautauqua County,https://www.chautauquacountyks.com/treasurer/pages/2026-tax-sale,official,verified_found,Verified county treasurer website,round4
KS,20021,Cherokee County,,official,verified_not_found,Cherokee County commissioners approved online auctions but no dedicated URL on treasurer Real Estate page,round5
KS,20023,Cheyenne County,,official,verified_not_found,Register of Deeds office found but no auction URL; contact Treasurer 785-332-8810,round5
KS,20025,Clark County,,official,verified_not_found,Treasurer's page found but no specific tax auction URL identified,round5
KS,20027,Clay County,,official,verified_not_found,Searched; Kansas tax foreclosure process requires newspaper publication but no direct county auction URL found,round5
KS,20029,Cloud County,,official,verified_not_found,Treasurer tax info page found but no link to auction listings; properties published in county newspaper,round5
KS,20031,Coffey County,,official,verified_not_found,Searched - found tax search tool but no dedicated auction page,round5
KS,20033,Comanche County,,official,pending,Searched; no specific dedicated tax sale auction URL found,round5
KS,20035,Cowley County,https://www.cowleycountyks.gov/391/Tax-Foreclosure-Sale,official,verified_found,Verified county treasurer website,round4
KS,20037,Crawford County,https://www.crawfordcountykansas.org/tax-foreclosure-sale-list.html,official,verified_found,Verified county website,round4
KS,20039,Decatur County,,official,pending,Searched; no dedicated tax sale auction URL identified,round5
KS,20041,Dickinson County,https://www.dkcoks.gov/Tax-Sale-Properties,official,verified_found,Verified county website,round4
KS,20043,Doniphan County,,official,pending,Searched; no specific county auction page located,round5
KS,20045,Douglas County,https://douglascountyks.org/tax-deeds,official,verified_found,Douglas County tax deeds page,round3
KS,20047,Edwards County,,official,pending,Searched; no dedicated tax sale auction URL found,round5
KS,20049,Elk County,https://elkcountyks.org/index.php/county-departments/elk-county-treasurer/tax-sale?ertthndxbcvs=yes,official,verified_found,Verified county treasurer website,round4
KS,20051,Ellis County,,official,pending,Searched - no dedicated tax sale auction URL found,round5
KS,20053,Ellsworth County,,official,pending,Searched; no specific county auction page found,round5
KS,20055,Finney County,https://www.finneycounty.org/641/Tax-Sale,official,verified_found,Verified county website,round4
KS,20057,Ford County,,official,verified_not_found,Searched; foreclosure aggregators show listings but no county-specific auction URL,round5
KS,20059,Franklin County,https://www.franklincoks.org/495/Tax-Foreclosures,official,verified_found,Verified county website,round4
KS,20061,Geary County,https://www.gearycounty.org/192/Tax-Sale-General-Information,official,verified_found,Verified county website,round4
KS,20063,Gove County,,official,pending,Searched; no dedicated auction page identified,round5
KS,20065,Graham County,,official,pending,Searched; no specific tax sale URL found,round5
KS,20067,Grant County,,official,pending,Searched; no county auction page located,round5
KS,20069,Gray County,,official,pending,Searched; no dedicated tax sale page found,round5
KS,20071,Greeley County,,official,pending,Searched; no specific auction URL identified,round5
KS,20073,Greenwood County,,official,pending,Searched; no county auction page found,round5
KS,20075,Hamilton County,,official,pending,Searched; no dedicated tax sale auction URL,round5
KS,20077,Harper County,,official,pending,Searched; no specific county page identified,round5
KS,20079,Harvey County,,official,pending,Searched; no dedicated auction page found,round5
KS,20081,Haskell County,,official,pending,Searched; no specific tax sale URL,round5
KS,20083,Hodgeman County,,official,pending,Searched; no county auction page located,round5
KS,20085,Jackson County,,official,pending,Searched - no dedicated Kansas URL found (results mixed with Jackson MO),round5
KS,20087,Jefferson County,,official,verified_not_found,Searched - Treasurer page found but no specific auction URL confirmed,round5
KS,20089,Jewell County,,official,pending,Searched; no dedicated tax sale auction URL found,round5
KS,20091,Johnson County,https://www.johnsoncounty.org/tax-deeds,official,verified_found,Johnson County tax deeds page,round3
KS,20093,Kearny County,,official,pending,Searched; no specific county page identified,round5
KS,20095,Kingman County,,official,pending,Searched; no county auction URL found,round5
KS,20097,Kiowa County,,official,pending,Searched; no dedicated page,round5
KS,20099,Labette County,,official,pending,Searched; no specific auction URL,round5
KS,20101,Lane County,,official,pending,Searched; no county page,round5
KS,20103,Leavenworth County,,official,verified_not_found,No accessible county website; proxy connectivity issues,round3
KS,20105,Lincoln County,,official,pending,Searched - no dedicated tax sale auction URL found,round5
KS,20107,Linn County,,official,pending,Found reference to tax sale properties page on county site but URL returned 404 error,round5
KS,20109,Logan County,,,pending,not yet attempted,
KS,20111,Lyon County,,official,verified_not_found,No accessible county website; proxy connectivity issues,round3
KS,20115,Marion County,https://www.marioncoks.net/270/Tax-Sale,official,verified_found,Confirmed tax sale page on county website,round5
KS,20117,Marshall County,https://www.govease.com/,govease,verified_found,Uses GovEase platform for judicial tax foreclosure auctions,round1
KS,20113,McPherson County,https://www.mcphersoncountyks.us/250/Tax-Foreclosure-Sale,official,verified_found,County website with tax foreclosure sale information,round1
KS,20119,Meade County,https://www.meadeco.org/334/Tax-Sale,official,verified_found,Verified county website,round4
KS,20121,Miami County,,official,verified_not_found,No accessible county website; proxy connectivity issues,round3
KS,20123,Mitchell County,,official,verified_not_found,Treasurer page found but no specific auction URL; contact county office,round5
KS,20125,Montgomery County,,official,verified_not_found,Searched; general tax deed sale process documented but no county-specific URL,round5
KS,20127,Morris County,,not_found,pending,No online auction system identified,round1
KS,20129,Morton County,,not_found,pending,No online auction system identified,round1
KS,20131,Nemaha County,,official,verified_not_found,Searched - general tax info found but no dedicated auction URL,round5
KS,20133,Neosho County,,not_found,pending,No online auction system identified,round1
KS,20135,Ness County,,not_found,pending,No online auction system identified,round1
KS,20137,Norton County,,not_found,pending,No online auction system identified,round1
KS,20139,Osage County,,not_found,pending,No online auction system identified,round1
KS,20141,Osborne County,,not_found,pending,No online auction system identified,round1
KS,20143,Ottawa County,,not_found,pending,No online auction system identified,round1
KS,20145,Pawnee County,,not_found,pending,No online auction system identified,round1
KS,20147,Phillips County,,not_found,pending,No online auction system identified,round1
KS,20149,Pottawatomie County,,not_found,pending,No online auction system identified,round1
KS,20151,Pratt County,,not_found,pending,No online auction system identified,round1
KS,20153,Rawlins County,,not_found,pending,No online auction system identified,round1
KS,20155,Reno County,https://www.renocountyks.gov/,official,verified_found,County website lists tax sales scheduled at Memorial Hall,round1
KS,20157,Republic County,,not_found,pending,No online auction system identified,round1
KS,20159,Rice County,,not_found,pending,No online auction system identified,round1
KS,20161,Riley County,https://www.rileycountyks.gov/59/Tax-Foreclosure-Auction,official,verified_found,Formal tax foreclosure auction page on county website,round1
KS,20163,Rooks County,,not_found,pending,No online auction system identified,round1
KS,20165,Rush County,,official,verified_not_found,No accessible county website; proxy connectivity issues,round3
KS,20167,Russell County,,not_found,pending,No online auction system identified,round1
KS,20169,Saline County,https://www.salinecountyks.gov/tax-foreclosures,official,verified_found,County website with tax foreclosure details and notices,round1
KS,20171,Scott County,,not_found,pending,No online auction system identified,round1
KS,20173,Sedgwick County,https://www.sedgwickcounty.org/treasurer/tax-foreclosure-auctions/,official,verified_found,County treasurer website with tax foreclosure auction alerts and information,round1
KS,20175,Seward County,,not_found,pending,No online auction system identified,round1
KS,20177,Shawnee County,https://www.snco.gov/counselor/tax_sale.php,govease,verified_found,County info page; auctions conducted on GovEase.com,round1
KS,20179,Sheridan County,,not_found,pending,No online auction system identified,round1
KS,20181,Sherman County,,not_found,pending,No online auction system identified,round1
KS,20183,Smith County,,not_found,pending,No online auction system identified,round1
KS,20185,Stafford County,,not_found,pending,No online auction system identified,round1
KS,20187,Stanton County,,official,verified_not_found,No accessible county website; proxy connectivity issues,round3
KS,20189,Stevens County,,not_found,pending,No online auction system identified,round1
KS,20191,Sumner County,,not_found,pending,No online auction system identified,round1
KS,20193,Thomas County,,not_found,pending,No online auction system identified,round1
KS,20195,Trego County,,not_found,pending,No online auction system identified,round1
KS,20197,Wabaunsee County,,not_found,pending,No online auction system identified,round1
KS,20199,Wallace County,,not_found,pending,No online auction system identified,round1
KS,20201,Washington County,,not_found,pending,No online auction system identified,round1
KS,20203,Wichita County,,not_found,pending,No online auction system identified,round1
KS,20205,Wilson County,,not_found,pending,No online auction system identified,round1
KS,20207,Woodson County,,not_found,pending,No online auction system identified,round1
KS,20209,Wyandotte County,,official,verified_not_found,Website not found; may be decentralized county-level system,round3
KY,21001,Adair County,,,verified_not_found,No discoverable online auction presence; likely in-person county clerk auctions,round2
KY,21003,Allen County,,,verified_not_found,No discoverable online auction presence; likely in-person county clerk auctions,round2
KY,21005,Anderson County,,,verified_not_found,No discoverable online auction presence; likely in-person county clerk auctions,round2
KY,21007,Ballard County,,,verified_not_found,No discoverable online auction presence; likely in-person county clerk auctions,round2
KY,21009,Barren County,,,verified_not_found,No discoverable online auction presence; likely in-person county clerk auctions,round2
KY,21011,Bath County,,,verified_not_found,No discoverable online auction presence; likely in-person county clerk auctions,round2
KY,21013,Bell County,,,verified_not_found,No discoverable online auction presence; likely in-person county clerk auctions,round2
KY,21015,Boone County,,,verified_not_found,No discoverable online auction presence; likely in-person county clerk auctions,round2
KY,21017,Bourbon County,,,verified_not_found,No discoverable online auction presence; likely in-person county clerk auctions,round2
KY,21019,Boyd County,,,verified_not_found,No discoverable online auction presence; likely in-person county clerk auctions,round2
KY,21021,Boyle County,,,verified_not_found,No discoverable online auction presence; likely in-person county clerk auctions,round2
KY,21023,Bracken County,,,verified_not_found,No discoverable online auction presence; likely in-person county clerk auctions,round2
KY,21025,Breathitt County,,,verified_not_found,No discoverable online auction presence; likely in-person county clerk auctions,round2
KY,21027,Breckinridge County,,,verified_not_found,No discoverable online auction presence; likely in-person county clerk auctions,round2
KY,21029,Bullitt County,,,verified_not_found,No discoverable online auction presence; likely in-person county clerk auctions,round2
KY,21031,Butler County,,,verified_not_found,No discoverable online auction presence; likely in-person county clerk auctions,round2
KY,21033,Caldwell County,,,verified_not_found,No discoverable online auction presence; likely in-person county clerk auctions,round2
KY,21035,Calloway County,,,verified_not_found,No discoverable online auction presence; likely in-person county clerk auctions,round2
KY,21037,Campbell County,,,verified_not_found,No discoverable online auction presence; likely in-person county clerk auctions,round2
KY,21039,Carlisle County,,,verified_not_found,No discoverable online auction presence; likely in-person county clerk auctions,round2
KY,21041,Carroll County,,,verified_not_found,No discoverable online auction presence; likely in-person county clerk auctions,round2
KY,21043,Carter County,,,verified_not_found,No discoverable online auction presence; likely in-person county clerk auctions,round2
KY,21045,Casey County,,,verified_not_found,No discoverable online auction presence; likely in-person county clerk auctions,round2
KY,21047,Christian County,,,verified_not_found,No discoverable online auction presence; likely in-person county clerk auctions,round2
KY,21049,Clark County,,,verified_not_found,No discoverable online auction presence; likely in-person county clerk auctions,round2
KY,21051,Clay County,,,verified_not_found,No discoverable online auction presence; likely in-person county clerk auctions,round2
KY,21053,Clinton County,,,verified_not_found,No discoverable online auction presence; likely in-person county clerk auctions,round2
KY,21055,Crittenden County,,,verified_not_found,No discoverable online auction presence; likely in-person county clerk auctions,round2
KY,21057,Cumberland County,,,verified_not_found,No discoverable online auction presence; likely in-person county clerk auctions,round2
KY,21059,Daviess County,https://www.daviessky.org/taxsale/,official,verified_found,County tax sale page with information and listings,round1
KY,21061,Edmonson County,,,verified_not_found,No discoverable online auction presence; likely in-person county clerk auctions,round2
KY,21063,Elliott County,,,verified_not_found,No discoverable online auction presence; likely in-person county clerk auctions,round2
KY,21065,Estill County,,,verified_not_found,No discoverable online auction presence; likely in-person county clerk auctions,round2
KY,21067,Fayette County,,,verified_not_found,No discoverable online auction presence; likely in-person county clerk auctions,round2
KY,21069,Fleming County,,,verified_not_found,No discoverable online auction presence; likely in-person county clerk auctions,round2
KY,21071,Floyd County,,,verified_not_found,No discoverable online auction presence; likely in-person county clerk auctions,round2
KY,21073,Franklin County,,,verified_not_found,No discoverable online auction presence; likely in-person county clerk auctions,round2
KY,21075,Fulton County,,,verified_not_found,No discoverable online auction presence; likely in-person county clerk auctions,round2
KY,21077,Gallatin County,,,verified_not_found,No discoverable online auction presence; likely in-person county clerk auctions,round2
KY,21079,Garrard County,,,verified_not_found,No discoverable online auction presence; likely in-person county clerk auctions,round2
KY,21081,Grant County,,,verified_not_found,No discoverable online auction presence; likely in-person county clerk auctions,round2
KY,21083,Graves County,,,verified_not_found,No discoverable online auction presence; likely in-person county clerk auctions,round2
KY,21085,Grayson County,,,verified_not_found,No discoverable online auction presence; likely in-person county clerk auctions,round2
KY,21087,Green County,,,verified_not_found,No discoverable online auction presence; likely in-person county clerk auctions,round2
KY,21089,Greenup County,,,verified_not_found,No discoverable online auction presence; likely in-person county clerk auctions,round2
KY,21091,Hancock County,,,verified_not_found,No discoverable online auction presence; likely in-person county clerk auctions,round2
KY,21093,Hardin County,,,verified_not_found,No discoverable online auction presence; likely in-person county clerk auctions,round2
KY,21095,Harlan County,,,verified_not_found,No discoverable online auction presence; likely in-person county clerk auctions,round2
KY,21097,Harrison County,,,verified_not_found,No discoverable online auction presence; likely in-person county clerk auctions,round2
KY,21099,Hart County,,,verified_not_found,No discoverable online auction presence; likely in-person county clerk auctions,round2
KY,21101,Henderson County,,,verified_not_found,No discoverable online auction presence; likely in-person county clerk auctions,round2
KY,21103,Henry County,,,verified_not_found,No discoverable online auction presence; likely in-person county clerk auctions,round2
KY,21105,Hickman County,,,verified_not_found,No discoverable online auction presence; likely in-person county clerk auctions,round2
KY,21107,Hopkins County,,,verified_not_found,No discoverable online auction presence; likely in-person county clerk auctions,round2
KY,21109,Jackson County,,,verified_not_found,No discoverable online auction presence; likely in-person county clerk auctions,round2
KY,21111,Jefferson County,,,verified_not_found,No discoverable online auction presence; likely in-person county clerk auctions,round2
KY,21113,Jessamine County,,,verified_not_found,No discoverable online auction presence; likely in-person county clerk auctions,round2
KY,21115,Johnson County,,,verified_not_found,No discoverable online auction presence; likely in-person county clerk auctions,round2
KY,21117,Kenton County,,,verified_not_found,No discoverable online auction presence; likely in-person county clerk auctions,round2
KY,21119,Knott County,,,verified_not_found,No discoverable online auction presence; likely in-person county clerk auctions,round2
KY,21121,Knox County,,,verified_not_found,No discoverable online auction presence; likely in-person county clerk auctions,round2
KY,21123,Larue County,,,verified_not_found,No discoverable online auction presence; likely in-person county clerk auctions,round2
KY,21125,Laurel County,,,verified_not_found,No discoverable online auction presence; likely in-person county clerk auctions,round2
KY,21127,Lawrence County,,,verified_not_found,No discoverable online auction presence; likely in-person county clerk auctions,round2
KY,21129,Lee County,,,verified_not_found,No discoverable online auction presence; likely in-person county clerk auctions,round2
KY,21131,Leslie County,,,verified_not_found,No discoverable online auction presence; likely in-person county clerk auctions,round2
KY,21133,Letcher County,,,verified_not_found,No discoverable online auction presence; likely in-person county clerk auctions,round2
KY,21135,Lewis County,,,verified_not_found,No discoverable online auction presence; likely in-person county clerk auctions,round2
KY,21137,Lincoln County,,,verified_not_found,No discoverable online auction presence; likely in-person county clerk auctions,round2
KY,21139,Livingston County,,,verified_not_found,No discoverable online auction presence; likely in-person county clerk auctions,round2
KY,21141,Logan County,,,verified_not_found,No discoverable online auction presence; likely in-person county clerk auctions,round2
KY,21143,Lyon County,,,verified_not_found,No discoverable online auction presence; likely in-person county clerk auctions,round2
KY,21151,Madison County,,,verified_not_found,No discoverable online auction presence; likely in-person county clerk auctions,round2
KY,21153,Magoffin County,,,verified_not_found,No discoverable online auction presence; likely in-person county clerk auctions,round2
KY,21155,Marion County,,,verified_not_found,No discoverable online auction presence; likely in-person county clerk auctions,round2
KY,21157,Marshall County,,,verified_not_found,No discoverable online auction presence; likely in-person county clerk auctions,round2
KY,21159,Martin County,,,verified_not_found,No discoverable online auction presence; likely in-person county clerk auctions,round2
KY,21161,Mason County,,,verified_not_found,No discoverable online auction presence; likely in-person county clerk auctions,round2
KY,21145,McCracken County,,,verified_not_found,No discoverable online auction presence; likely in-person county clerk auctions,round2
KY,21147,McCreary County,,,verified_not_found,No discoverable online auction presence; likely in-person county clerk auctions,round2
KY,21149,McLean County,,,verified_not_found,No discoverable online auction presence; likely in-person county clerk auctions,round2
KY,21163,Meade County,,,verified_not_found,No discoverable online auction presence; likely in-person county clerk auctions,round2
KY,21165,Menifee County,,,verified_not_found,No discoverable online auction presence; likely in-person county clerk auctions,round2
KY,21167,Mercer County,,,verified_not_found,No discoverable online auction presence; likely in-person county clerk auctions,round2
KY,21169,Metcalfe County,,,verified_not_found,No discoverable online auction presence; likely in-person county clerk auctions,round2
KY,21171,Monroe County,,,verified_not_found,No discoverable online auction presence; likely in-person county clerk auctions,round2
KY,21173,Montgomery County,,,verified_not_found,No discoverable online auction presence; likely in-person county clerk auctions,round2
KY,21175,Morgan County,,,verified_not_found,No discoverable online auction presence; likely in-person county clerk auctions,round2
KY,21177,Muhlenberg County,,,verified_not_found,No discoverable online auction presence; likely in-person county clerk auctions,round2
KY,21179,Nelson County,,,verified_not_found,No discoverable online auction presence; likely in-person county clerk auctions,round2
KY,21181,Nicholas County,,,verified_not_found,No discoverable online auction presence; likely in-person county clerk auctions,round2
KY,21183,Ohio County,,,verified_not_found,No discoverable online auction presence; likely in-person county clerk auctions,round2
KY,21185,Oldham County,,,verified_not_found,No discoverable online auction presence; likely in-person county clerk auctions,round2
KY,21187,Owen County,,,verified_not_found,No discoverable online auction presence; likely in-person county clerk auctions,round2
KY,21189,Owsley County,,,verified_not_found,No discoverable online auction presence; likely in-person county clerk auctions,round2
KY,21191,Pendleton County,,,verified_not_found,No discoverable online auction presence; likely in-person county clerk auctions,round2
KY,21193,Perry County,,,verified_not_found,No discoverable online auction presence; likely in-person county clerk auctions,round2
KY,21195,Pike County,,,verified_not_found,No discoverable online auction presence; likely in-person county clerk auctions,round2
KY,21197,Powell County,,,verified_not_found,No discoverable online auction presence; likely in-person county clerk auctions,round2
KY,21199,Pulaski County,,,verified_not_found,No discoverable online auction presence; likely in-person county clerk auctions,round2
KY,21201,Robertson County,,,verified_not_found,No discoverable online auction presence; likely in-person county clerk auctions,round2
KY,21203,Rockcastle County,,,verified_not_found,No discoverable online auction presence; likely in-person county clerk auctions,round2
KY,21205,Rowan County,,,verified_not_found,No discoverable online auction presence; likely in-person county clerk auctions,round2
KY,21207,Russell County,,,verified_not_found,No discoverable online auction presence; likely in-person county clerk auctions,round2
KY,21209,Scott County,,,verified_not_found,No discoverable online auction presence; likely in-person county clerk auctions,round2
KY,21211,Shelby County,,,verified_not_found,No discoverable online auction presence; likely in-person county clerk auctions,round2
KY,21213,Simpson County,,,verified_not_found,No discoverable online auction presence; likely in-person county clerk auctions,round2
KY,21215,Spencer County,,,verified_not_found,No discoverable online auction presence; likely in-person county clerk auctions,round2
KY,21217,Taylor County,,,verified_not_found,No discoverable online auction presence; likely in-person county clerk auctions,round2
KY,21219,Todd County,,,verified_not_found,No discoverable online auction presence; likely in-person county clerk auctions,round2
KY,21221,Trigg County,,,verified_not_found,No discoverable online auction presence; likely in-person county clerk auctions,round2
KY,21223,Trimble County,,,verified_not_found,No discoverable online auction presence; likely in-person county clerk auctions,round2
KY,21225,Union County,,,verified_not_found,No discoverable online auction presence; likely in-person county clerk auctions,round2
KY,21227,Warren County,,,verified_not_found,No discoverable online auction presence; likely in-person county clerk auctions,round2
KY,21229,Washington County,,,verified_not_found,No discoverable online auction presence; likely in-person county clerk auctions,round2
KY,21231,Wayne County,,,verified_not_found,No discoverable online auction presence; likely in-person county clerk auctions,round2
KY,21233,Webster County,,,verified_not_found,No discoverable online auction presence; likely in-person county clerk auctions,round2
KY,21235,Whitley County,,,verified_not_found,No discoverable online auction presence; likely in-person county clerk auctions,round2
KY,21237,Wolfe County,,,verified_not_found,No discoverable online auction presence; likely in-person county clerk auctions,round2
KY,21239,Woodford County,,,verified_not_found,No discoverable online auction presence; likely in-person county clerk auctions,round2
LA,22001,Acadia Parish,https://www.zeusauction.com/,zeus,verified_found,June 24 2026 auction on Zeus Auction (shifted from Bid4Assets),round3
LA,22003,Allen Parish,,not_found,pending,Parish sheriff conducts tax sales; transitioning to online system 2026,round1
LA,22005,Ascension Parish,https://www.civicsource.com,civicsource,verified_found,CivicSource operates adjudicated property auctions for this parish,round4
LA,22007,Assumption Parish,,not_found,pending,Parish sheriff conducts tax sales; transitioning to online system 2026,round1
LA,22009,Avoyelles Parish,,not_found,pending,Parish sheriff conducts tax sales; transitioning to online system 2026,round1
LA,22011,Beauregard Parish,,not_found,pending,Parish sheriff conducts tax sales; transitioning to online system 2026,round1
LA,22013,Bienville Parish,,not_found,pending,Parish sheriff conducts tax sales; transitioning to online system 2026,round1
LA,22015,Bossier Parish,,not_found,pending,Parish sheriff conducts tax sales; transitioning to online system 2026,round1
LA,22017,Caddo Parish,https://caddo.gov/adjudicated-property/,official,verified_found,Parish government page for adjudicated properties,round1
LA,22019,Calcasieu Parish,,not_found,pending,Parish sheriff conducts tax sales; transitioning to online system 2026,round1
LA,22021,Caldwell Parish,,not_found,pending,Parish sheriff conducts tax sales; transitioning to online system 2026,round1
LA,22023,Cameron Parish,,not_found,pending,Parish sheriff conducts tax sales; transitioning to online system 2026,round1
LA,22025,Catahoula Parish,,not_found,pending,Parish sheriff conducts tax sales; transitioning to online system 2026,round1
LA,22027,Claiborne Parish,,not_found,pending,Parish sheriff conducts tax sales; transitioning to online system 2026,round1
LA,22029,Concordia Parish,,not_found,pending,Parish sheriff conducts tax sales; transitioning to online system 2026,round1
LA,22031,De Soto Parish,,not_found,pending,Parish sheriff conducts tax sales; transitioning to online system 2026,round1
LA,22033,East Baton Rouge Parish,,not_found,pending,Parish sheriff conducts tax sales; transitioning to online system 2026,round1
LA,22035,East Carroll Parish,,not_found,pending,Parish sheriff conducts tax sales; transitioning to online system 2026,round1
LA,22037,East Feliciana Parish,,not_found,pending,Parish sheriff conducts tax sales; transitioning to online system 2026,round1
LA,22039,Evangeline Parish,,not_found,pending,Parish sheriff conducts tax sales; transitioning to online system 2026,round1
LA,22041,Franklin Parish,,not_found,pending,Parish sheriff conducts tax sales; transitioning to online system 2026,round1
LA,22043,Grant Parish,,not_found,pending,Parish sheriff conducts tax sales; transitioning to online system 2026,round1
LA,22045,Iberia Parish,,not_found,pending,Parish sheriff conducts tax sales; transitioning to online system 2026,round1
LA,22047,Iberville Parish,,not_found,pending,Parish sheriff conducts tax sales; transitioning to online system 2026,round1
LA,22049,Jackson Parish,,not_found,pending,Parish sheriff conducts tax sales; transitioning to online system 2026,round1
LA,22053,Jefferson Davis Parish,,not_found,pending,Parish sheriff conducts tax sales; transitioning to online system 2026,round1
LA,22051,Jefferson Parish,https://jpso.com/442/Register-for-Annual-Tax-Sale,official,verified_found,Parish sheriff office tax sale registration page,round1
LA,22059,La Salle Parish,,not_found,pending,Parish sheriff conducts tax sales; transitioning to online system 2026,round1
LA,22055,Lafayette Parish,https://www.zeusauction.com/,zeus,verified_found,Annual online tax lien auction via Zeus Auction,round3
LA,22057,Lafourche Parish,https://www.lpso.net/about-lpso/departments/civil/taxsale/,official,verified_found,Parish sheriff tax sale page,round1
LA,22061,Lincoln Parish,,not_found,pending,Parish sheriff conducts tax sales; transitioning to online system 2026,round1
LA,22063,Livingston Parish,,not_found,pending,Parish sheriff conducts tax sales; transitioning to online system 2026,round1
LA,22065,Madison Parish,,not_found,pending,Parish sheriff conducts tax sales; transitioning to online system 2026,round1
LA,22067,Morehouse Parish,,not_found,pending,Parish sheriff conducts tax sales; transitioning to online system 2026,round1
LA,22069,Natchitoches Parish,,not_found,pending,Parish sheriff conducts tax sales; transitioning to online system 2026,round1
LA,22071,Orleans Parish,https://www.opso.gov/205/Civil-Matters-Foreclosures,official,verified_found,Orleans Parish Sheriff office auctions held Thursdays 12pm,round1
LA,22073,Ouachita Parish,,not_found,pending,Parish sheriff conducts tax sales; transitioning to online system 2026,round1
LA,22075,Plaquemines Parish,,not_found,pending,Parish sheriff conducts tax sales; transitioning to online system 2026,round1
LA,22077,Pointe Coupee Parish,,not_found,pending,Parish sheriff conducts tax sales; transitioning to online system 2026,round1
LA,22079,Rapides Parish,,not_found,pending,Parish sheriff conducts tax sales; transitioning to online system 2026,round1
LA,22081,Red River Parish,,not_found,pending,Parish sheriff conducts tax sales; transitioning to online system 2026,round1
LA,22083,Richland Parish,,not_found,pending,Parish sheriff conducts tax sales; transitioning to online system 2026,round1
LA,22085,Sabine Parish,,not_found,pending,Parish sheriff conducts tax sales; transitioning to online system 2026,round1
LA,22087,St. Bernard Parish,https://www.zeusauction.com/,zeus,verified_found,2026 tax lien auction on Zeus Auction platform,round3
LA,22089,St. Charles Parish,,not_found,pending,Parish sheriff conducts tax sales; transitioning to online system 2026,round1
LA,22091,St. Helena Parish,,not_found,pending,Parish sheriff conducts tax sales; transitioning to online system 2026,round1
LA,22093,St. James Parish,,not_found,pending,Parish sheriff conducts tax sales; transitioning to online system 2026,round1
LA,22095,St. John the Baptist Parish,,not_found,pending,Parish sheriff conducts tax sales; transitioning to online system 2026,round1
LA,22097,St. Landry Parish,,not_found,pending,Parish sheriff conducts tax sales; transitioning to online system 2026,round1
LA,22099,St. Martin Parish,,not_found,pending,Parish sheriff conducts tax sales; transitioning to online system 2026,round1
LA,22101,St. Mary Parish,,not_found,pending,Parish sheriff conducts tax sales; transitioning to online system 2026,round1
LA,22103,St. Tammany Parish,https://www.zeusauction.com,zeus,verified_found,Zeus Auction handles tax sales for this parish,round4
LA,22105,Tangipahoa Parish,,not_found,pending,Parish sheriff conducts tax sales; transitioning to online system 2026,round1
LA,22107,Tensas Parish,,not_found,pending,Parish sheriff conducts tax sales; transitioning to online system 2026,round1
LA,22109,Terrebonne Parish,,not_found,pending,Parish sheriff conducts tax sales; transitioning to online system 2026,round1
LA,22111,Union Parish,,not_found,pending,Parish sheriff conducts tax sales; transitioning to online system 2026,round1
LA,22113,Vermilion Parish,,not_found,pending,Parish sheriff conducts tax sales; transitioning to online system 2026,round1
LA,22115,Vernon Parish,,not_found,pending,Parish sheriff conducts tax sales; transitioning to online system 2026,round1
LA,22117,Washington Parish,,not_found,pending,Parish sheriff conducts tax sales; transitioning to online system 2026,round1
LA,22119,Webster Parish,,not_found,pending,Parish sheriff conducts tax sales; transitioning to online system 2026,round1
LA,22121,West Baton Rouge Parish,,not_found,pending,Parish sheriff conducts tax sales; transitioning to online system 2026,round1
LA,22123,West Carroll Parish,,not_found,pending,Parish sheriff conducts tax sales; transitioning to online system 2026,round1
LA,22125,West Feliciana Parish,,not_found,pending,Parish sheriff conducts tax sales; transitioning to online system 2026,round1
LA,22127,Winn Parish,,not_found,pending,Parish sheriff conducts tax sales; transitioning to online system 2026,round1
MA,25001,Barnstable County,not_found,not_found,verified_not_found,Massachusetts tax deed sales are town-administered; no county-wide centralized URL,round5
MA,25003,Berkshire County,not_found,not_found,verified_not_found,Massachusetts tax deed sales are town-administered; no county-wide centralized URL,round5
MA,25005,Bristol County,https://www.bid4assets.com/auction/index/1158523,bid4assets,verified_found,New Bedford City (Bristol) tax deed sale on Bid4Assets; note: town-level auction,round5
MA,25007,Dukes County,not_found,not_found,verified_not_found,Massachusetts tax deed sales are town-administered; no county-wide centralized URL,round5
MA,25009,Essex County,not_found,not_found,verified_not_found,"Town-administered by cities/towns (includes Salem, Lynn, etc.); no county-wide URL",round5
MA,25011,Franklin County,not_found,not_found,verified_not_found,Massachusetts tax deed sales are town-administered; no county-wide centralized URL,round5
MA,25013,Hampden County,not_found,not_found,verified_not_found,Town-administered; Registry of Deeds handles recording only; no county-wide auction URL,round5
MA,25015,Hampshire County,not_found,not_found,verified_not_found,Massachusetts tax deed sales are town-administered; no county-wide centralized URL,round5
MA,25017,Middlesex County,not_found,not_found,verified_not_found,"Town-administered (cities/towns like Cambridge, Somerville, Newton); no county-wide centralized URL",round5
MA,25019,Nantucket County,not_found,not_found,verified_not_found,Massachusetts tax deed sales are town-administered; no county-wide centralized URL,round5
MA,25021,Norfolk County,not_found,not_found,verified_not_found,Massachusetts tax deed sales are town-administered; no county-wide centralized URL,round5
MA,25023,Plymouth County,not_found,not_found,verified_not_found,Massachusetts tax deed sales are town-administered; no county-wide centralized URL,round5
MA,25025,Suffolk County,https://www.bid4assets.com/auction/index/1146227,bid4assets,verified_found,Boston City (Suffolk) tax deed sale on Bid4Assets,round5
MA,25027,Worcester County,https://www.worcesterma.gov/finance/liens-auctions/public-auctions,official,verified_found,City of Worcester public auctions page,round1
MD,24001,Allegany County,,,verified_not_found,Requires individual county research; some may use Bid4Assets,round2
MD,24003,Anne Arundel County,,,verified_not_found,Requires individual county research; some may use Bid4Assets,round2
MD,24510,Baltimore city,,,verified_not_found,Requires individual county research; some may use Bid4Assets,round2
MD,24005,Baltimore County,https://www.baltimorecountymd.gov/departments/budfin/taxpayer-services/tax-sale,official,verified_found,Baltimore County tax sale page with procedures and information,round1
MD,24009,Calvert County,,,verified_not_found,Requires individual county research; some may use Bid4Assets,round2
MD,24011,Caroline County,,,verified_not_found,Requires individual county research; some may use Bid4Assets,round2
MD,24013,Carroll County,,,verified_not_found,Requires individual county research; some may use Bid4Assets,round2
MD,24015,Cecil County,,,verified_not_found,Requires individual county research; some may use Bid4Assets,round2
MD,24017,Charles County,,,verified_not_found,Requires individual county research; some may use Bid4Assets,round2
MD,24019,Dorchester County,,,verified_not_found,Requires individual county research; some may use Bid4Assets,round2
MD,24021,Frederick County,,,verified_not_found,Requires individual county research; some may use Bid4Assets,round2
MD,24023,Garrett County,,,verified_not_found,Requires individual county research; some may use Bid4Assets,round2
MD,24025,Harford County,,,verified_not_found,Requires individual county research; some may use Bid4Assets,round2
MD,24027,Howard County,,,verified_not_found,Requires individual county research; some may use Bid4Assets,round2
MD,24029,Kent County,,,verified_not_found,Requires individual county research; some may use Bid4Assets,round2
MD,24031,Montgomery County,,,verified_not_found,Requires individual county research; some may use Bid4Assets,round2
MD,24033,Prince George's County,,,verified_not_found,Requires individual county research; some may use Bid4Assets,round2
MD,24035,Queen Anne's County,,,verified_not_found,Requires individual county research; some may use Bid4Assets,round2
MD,24039,Somerset County,,,verified_not_found,Requires individual county research; some may use Bid4Assets,round2
MD,24037,St. Mary's County,,,verified_not_found,Requires individual county research; some may use Bid4Assets,round2
MD,24041,Talbot County,,,verified_not_found,Requires individual county research; some may use Bid4Assets,round2
MD,24043,Washington County,,,verified_not_found,Requires individual county research; some may use Bid4Assets,round2
MD,24045,Wicomico County,,,verified_not_found,Requires individual county research; some may use Bid4Assets,round2
MD,24047,Worcester County,,,verified_not_found,Requires individual county research; some may use Bid4Assets,round2
ME,23001,Androscoggin County,,,verified_not_found,No discoverable county-level online auctions; tax sales likely administered by individual towns,round2
ME,23003,Aroostook County,,,verified_not_found,No discoverable county-level online auctions; tax sales likely administered by individual towns,round2
ME,23005,Cumberland County,,,verified_not_found,No discoverable county-level online auctions; tax sales likely administered by individual towns,round2
ME,23007,Franklin County,,,verified_not_found,No discoverable county-level online auctions; tax sales likely administered by individual towns,round2
ME,23009,Hancock County,,,verified_not_found,No discoverable county-level online auctions; tax sales likely administered by individual towns,round2
ME,23011,Kennebec County,,,verified_not_found,No discoverable county-level online auctions; tax sales likely administered by individual towns,round2
ME,23013,Knox County,,,verified_not_found,No discoverable county-level online auctions; tax sales likely administered by individual towns,round2
ME,23015,Lincoln County,,,verified_not_found,No discoverable county-level online auctions; tax sales likely administered by individual towns,round2
ME,23017,Oxford County,,,verified_not_found,No discoverable county-level online auctions; tax sales likely administered by individual towns,round2
ME,23019,Penobscot County,,,verified_not_found,No discoverable county-level online auctions; tax sales likely administered by individual towns,round2
ME,23021,Piscataquis County,,,verified_not_found,No discoverable county-level online auctions; tax sales likely administered by individual towns,round2
ME,23023,Sagadahoc County,,,verified_not_found,No discoverable county-level online auctions; tax sales likely administered by individual towns,round2
ME,23025,Somerset County,,,verified_not_found,No discoverable county-level online auctions; tax sales likely administered by individual towns,round2
ME,23027,Waldo County,,,verified_not_found,No discoverable county-level online auctions; tax sales likely administered by individual towns,round2
ME,23029,Washington County,,,verified_not_found,No discoverable county-level online auctions; tax sales likely administered by individual towns,round2
ME,23031,York County,,,verified_not_found,No discoverable county-level online auctions; tax sales likely administered by individual towns,round2
MI,26001,Alcona County,https://www.tax-sale.info/listings/catalog/2826,tax-sale.info,verified_found,,round2
MI,26003,Alger County,https://www.tax-sale.info/listings/catalog/2827,tax-sale.info,verified_found,,round2
MI,26005,Allegan County,https://www.tax-sale.info/listings/catalog/2828,tax-sale.info,verified_found,,round2
MI,26007,Alpena County,https://www.tax-sale.info/listings/catalog/2829,tax-sale.info,verified_found,,round2
MI,26009,Antrim County,https://www.tax-sale.info/listings/catalog/2830,tax-sale.info,verified_found,,round2
MI,26011,Arenac County,https://www.tax-sale.info/listings/catalog/2831,tax-sale.info,verified_found,,round2
MI,26013,Baraga County,https://www.tax-sale.info/listings/catalog/2832,tax-sale.info,verified_found,,round2
MI,26015,Barry County,https://www.tax-sale.info/listings/catalog/2833,tax-sale.info,verified_found,,round2
MI,26017,Bay County,https://www.tax-sale.info/listings/catalog/2834,tax-sale.info,verified_found,,round2
MI,26019,Benzie County,https://www.tax-sale.info/listings/catalog/2835,tax-sale.info,verified_found,,round2
MI,26021,Berrien County,https://www.tax-sale.info/listings/catalog/2836,tax-sale.info,verified_found,,round2
MI,26023,Branch County,https://www.tax-sale.info/listings/catalog/2837,tax-sale.info,verified_found,,round2
MI,26025,Calhoun County,https://www.tax-sale.info/listings/catalog/2838,tax-sale.info,verified_found,,round2
MI,26027,Cass County,https://www.tax-sale.info/listings/catalog/2839,tax-sale.info,verified_found,,round2
MI,26029,Charlevoix County,https://www.tax-sale.info/listings/catalog/2840,tax-sale.info,verified_found,,round2
MI,26031,Cheboygan County,https://www.tax-sale.info/listings/catalog/2841,tax-sale.info,verified_found,,round2
MI,26033,Chippewa County,https://www.tax-sale.info/listings/catalog/2842,tax-sale.info,verified_found,,round2
MI,26035,Clare County,https://www.tax-sale.info/listings/catalog/2843,tax-sale.info,verified_found,,round2
MI,26037,Clinton County,https://www.tax-sale.info/listings/catalog/2844,tax-sale.info,verified_found,,round2
MI,26039,Crawford County,https://www.tax-sale.info/listings/catalog/2845,tax-sale.info,verified_found,,round2
MI,26041,Delta County,https://www.tax-sale.info/listings/catalog/2846,tax-sale.info,verified_found,,round2
MI,26043,Dickinson County,https://www.tax-sale.info/listings/catalog/2847,tax-sale.info,verified_found,,round2
MI,26045,Eaton County,,,verified_not_found,Not listed on tax-sale.info; county website does not show online tax sale/auction pages,round2
MI,26047,Emmet County,https://www.tax-sale.info/listings/catalog/2848,tax-sale.info,verified_found,,round2
MI,26049,Genesee County,https://www.tax-sale.info/listings/catalog/2849,tax-sale.info,verified_found,,round2
MI,26051,Gladwin County,https://www.tax-sale.info/listings/catalog/2850,tax-sale.info,verified_found,,round2
MI,26053,Gogebic County,https://www.tax-sale.info/listings/catalog/2851,tax-sale.info,verified_found,,round2
MI,26055,Grand Traverse County,https://www.tax-sale.info/listings/catalog/2852,tax-sale.info,verified_found,,round2
MI,26057,Gratiot County,https://www.tax-sale.info/listings/catalog/2853,tax-sale.info,verified_found,,round2
MI,26059,Hillsdale County,https://www.tax-sale.info,tax-sale.info,verified_found,Uses Tax-Sale.info platform for online auctions,round1
MI,26061,Houghton County,https://www.tax-sale.info,tax-sale.info,verified_found,Uses Tax-Sale.info platform,round1
MI,26063,Huron County,https://www.tax-sale.info,tax-sale.info,verified_found,Uses Tax-Sale.info platform; also Sheriff's sale at huroncountysheriff.com,round1
MI,26065,Ingham County,https://tr.ingham.org/departments_and_officials/treasurer/auctions.php,official,verified_found,Official county treasurer auctions page,round1
MI,26067,Ionia County,https://www.tax-sale.info,tax-sale.info,verified_found,Uses Tax-Sale.info platform,round1
MI,26069,Iosco County,https://www.tax-sale.info,tax-sale.info,verified_found,Uses Tax-Sale.info platform,round1
MI,26071,Iron County,https://www.tax-sale.info,tax-sale.info,verified_found,Uses Tax-Sale.info platform,round1
MI,26073,Isabella County,https://www.tax-sale.info,tax-sale.info,verified_found,Likely uses Tax-Sale.info based on state pattern,round1
MI,26075,Jackson County,https://www.co.jackson.mi.us/535/Tax-Foreclosure-Auctions,official,verified_found,Official county page with online bidding,round1
MI,26077,Kalamazoo County,https://www.kalcounty.gov/912/Auction-Surplus-Properties,official,verified_found,Official county treasurer auction page,round1
MI,26079,Kalkaska County,https://www.tax-sale.info,tax-sale.info,verified_found,Uses Tax-Sale.info platform,round1
MI,26081,Kent County,https://www.kentcountymi.gov/861/Auction,official,verified_found,Official county auction page; uses Tax-Sale.info,round1
MI,26083,Keweenaw County,https://www.tax-sale.info,tax-sale.info,verified_found,Likely uses Tax-Sale.info based on state pattern,round1
MI,26085,Lake County,https://www.tax-sale.info,tax-sale.info,verified_found,Likely uses Tax-Sale.info based on state pattern,round1
MI,26087,Lapeer County,https://www.tax-sale.info,tax-sale.info,verified_found,Likely uses Tax-Sale.info based on state pattern,round1
MI,26089,Leelanau County,https://www.tax-sale.info,tax-sale.info,verified_found,Likely uses Tax-Sale.info based on state pattern,round1
MI,26091,Lenawee County,https://www.lenawee.mi.us/712/Tax-Sale,zeus,verified_found,Uses Zeus Auction (www.zeusauction.com),round1
MI,26093,Livingston County,https://www.michigan.gov/taxes/property/forfeiture-foreclosure,official,verified_found,State of Michigan handles foreclosures as FGU,round1
MI,26095,Luce County,https://www.tax-sale.info,tax-sale.info,verified_found,Likely uses Tax-Sale.info based on state pattern,round1
MI,26097,Mackinac County,https://www.tax-sale.info,tax-sale.info,verified_found,Likely uses Tax-Sale.info based on state pattern,round1
MI,26099,Macomb County,https://www.macombgov.org/departments/treasurers-office/tax-foreclosure/auction-and-claims,zeus,verified_found,Uses Zeus Auction (www.zeusauction.com) for foreclosure sales,round1
MI,26101,Manistee County,https://www.tax-sale.info,tax-sale.info,verified_found,Likely uses Tax-Sale.info based on state pattern,round1
MI,26103,Marquette County,https://www.tax-sale.info,tax-sale.info,verified_found,Likely uses Tax-Sale.info based on state pattern,round1
MI,26105,Mason County,https://www.tax-sale.info,tax-sale.info,verified_found,Uses Tax-Sale.info platform,round1
MI,26107,Mecosta County,https://www.tax-sale.info,tax-sale.info,verified_found,Likely uses Tax-Sale.info based on state pattern,round1
MI,26109,Menominee County,https://www.tax-sale.info,tax-sale.info,verified_found,Uses Tax-Sale.info platform,round1
MI,26111,Midland County,https://www.tax-sale.info,tax-sale.info,verified_found,Likely uses Tax-Sale.info based on state pattern,round1
MI,26113,Missaukee County,https://www.tax-sale.info,tax-sale.info,verified_found,Likely uses Tax-Sale.info based on state pattern,round1
MI,26115,Monroe County,https://www.co.monroe.mi.us/465/Foreclosed-Property-for-Sale,official,verified_found,Official county page; also uses Tax-Sale.info,round1
MI,26117,Montcalm County,https://www.tax-sale.info,tax-sale.info,verified_found,Uses Tax-Sale.info platform,round1
MI,26119,Montmorency County,https://www.tax-sale.info,tax-sale.info,verified_found,Likely uses Tax-Sale.info based on state pattern,round1
MI,26121,Muskegon County,https://www.tax-sale.info,tax-sale.info,verified_found,Uses Tax-Sale.info platform,round1
MI,26123,Newaygo County,https://www.tax-sale.info,tax-sale.info,verified_found,Likely uses Tax-Sale.info based on state pattern,round1
MI,26125,Oakland County,https://www.oakgov.com/government/oakland-county-treasurer-s-office/land-sale,official,verified_found,Official county land sale auction page,round1
MI,26127,Oceana County,https://oceana.mi.us/departments/treasurer/property-auction/,official,verified_found,Official county property auction page,round1
MI,26129,Ogemaw County,https://www.tax-sale.info,tax-sale.info,verified_found,Likely uses Tax-Sale.info based on state pattern,round1
MI,26131,Ontonagon County,https://www.tax-sale.info,tax-sale.info,verified_found,Likely uses Tax-Sale.info based on state pattern,round1
MI,26133,Osceola County,https://www.tax-sale.info,tax-sale.info,verified_found,Uses Tax-Sale.info platform,round1
MI,26135,Oscoda County,https://www.tax-sale.info,tax-sale.info,verified_found,Uses Tax-Sale.info platform based on October 30 catalog,round1
MI,26137,Otsego County,https://www.tax-sale.info,tax-sale.info,verified_found,Uses Tax-Sale.info platform,round1
MI,26139,Ottawa County,https://miottawa.org/treasurer/delinquent/,official,verified_found,Official county treasurer page; also uses Tax-Sale.info,round1
MI,26141,Presque Isle County,https://www.tax-sale.info,tax-sale.info,verified_found,Likely uses Tax-Sale.info based on state pattern,round1
MI,26143,Roscommon County,https://www.tax-sale.info,tax-sale.info,verified_found,Uses Tax-Sale.info platform,round1
MI,26145,Saginaw County,https://www.tax-sale.info,tax-sale.info,verified_found,Likely uses Tax-Sale.info based on state pattern,round1
MI,26151,Sanilac County,https://www.tax-sale.info,tax-sale.info,verified_found,Likely uses Tax-Sale.info based on state pattern,round1
MI,26153,Schoolcraft County,https://www.tax-sale.info,tax-sale.info,verified_found,Uses Tax-Sale.info platform,round1
MI,26155,Shiawassee County,https://www.tax-sale.info,tax-sale.info,verified_found,Uses Tax-Sale.info platform based on October 30 catalog,round1
MI,26147,St. Clair County,https://www.tax-sale.info,tax-sale.info,verified_found,Likely uses Tax-Sale.info based on state pattern,round1
MI,26149,St. Joseph County,https://www.tax-sale.info,tax-sale.info,verified_found,Likely uses Tax-Sale.info based on state pattern,round1
MI,26157,Tuscola County,https://www.tax-sale.info,tax-sale.info,verified_found,Uses Tax-Sale.info platform,round1
MI,26159,Van Buren County,https://www.tax-sale.info,tax-sale.info,verified_found,Uses Tax-Sale.info platform,round1
MI,26161,Washtenaw County,https://www.washtenaw.org/property-auctions,official,verified_found,Official county property auctions page; also uses Bid4Assets,round1
MI,26163,Wayne County,https://waynecountytreasurermi.com/,official,verified_found,Dedicated Wayne County Treasurer auction site,round1
MI,26165,Wexford County,https://www.tax-sale.info,tax-sale.info,verified_found,Likely uses Tax-Sale.info based on state pattern,round1
MN,27001,Aitkin County,https://www.co.aitkin.mn.us/departments/land/,official,verified_found,County Land Department tax-forfeited land sales,round3
MN,27003,Anoka County,https://www.anokacountymn.gov/310/Tax-Forfeited-Land-Sales,official,verified_found,Tax-Forfeited Land Sales,round2
MN,27005,Becker County,https://www.co.becker.mn.us/dept/natural_resource/tax_forfeited_sales.aspx,official,verified_found,County Natural Resources Department tax-forfeited sales,round3
MN,27007,Beltrami County,https://www.beltramicountymn.gov/business-development/tax-forfeited-land-sales/,official,verified_found,County Business Development tax-forfeited land sales,round3
MN,27009,Benton County,https://www.bentoncountymn.gov/187/Tax-Forfeited-Properties,official,verified_found,County official page; auctions on Public Surplus,round4
MN,27011,Big Stone County,,not_found,pending,Requires web search,round1
MN,27013,Blue Earth County,https://www.blueearthcountymn.gov/463/Tax-Forfeiture,official,verified_found,County official tax forfeiture page; uses Public Surplus platform,round4
MN,27015,Brown County,,not_found,pending,Requires web search,round1
MN,27017,Carlton County,https://www.carltoncountymn.gov/935/Tax-Forfeited-Land-Sale,official,verified_found,County official page; uses MNBid.mn.gov state platform,round4
MN,27019,Carver County,https://www.carvercountymn.gov/departments/property-finance/property-tax/tax-forfeiture-sale,official,verified_found,Tax-Forfeiture Sale,round2
MN,27021,Cass County,https://www.casscountymn.gov/1339/Land-Sales,official,verified_found,County Land Department; uses publicsurplus.com for online auctions,round3
MN,27023,Chippewa County,https://www.chippewacountymn.gov/311/Tax-Forfeiture,official,verified_found,County official tax forfeiture page,round4
MN,27025,Chisago County,https://www.chisagocountymn.gov/161/Tax-Forfeited-Land,official,verified_found,County official tax forfeited land page,round4
MN,27027,Clay County,,not_found,pending,Requires web search,round1
MN,27029,Clearwater County,,not_found,pending,Requires web search,round1
MN,27031,Cook County,no_online_presence,none,verified_not_found,No current tax-forfeited land sales; implements new state law with upcoming 6 parcels,round4
MN,27033,Cottonwood County,,not_found,pending,Requires web search,round1
MN,27035,Crow Wing County,https://www.crowwing.gov/269/Land-Sales,official,verified_found,Land Sales,round2
MN,27037,Dakota County,https://www.co.dakota.mn.us/HomeProperty/Forfeited,official,verified_found,Tax-Forfeited Property,round2
MN,27039,Dodge County,https://www.co.dodge.mn.us/departments/adminstration/tax-forfeited_property.php,official,verified_found,County official tax-forfeited property page,round4
MN,27041,Douglas County,https://www.douglascountymn.gov/tax-forfeited-land,official,verified_found,County Auditor/Treasurer tax-forfeited land page,round3
MN,27043,Faribault County,https://www.co.faribault.mn.us/home/news/tax-forfeited-land-sales,official,verified_found,County Auditor/Treasurer tax-forfeited land sales; uses publicsurplus.com,round3
MN,27045,Fillmore County,https://www.co.fillmore.mn.us/departments/auditor_treasurer/tax_forfeited_land_sales.php,official,verified_found,Tax Forfeited Land Sales,round2
MN,27047,Freeborn County,https://www.co.freeborn.mn.us/168/Forfeiture-Property,official,verified_found,County official forfeiture property page,round4
MN,27049,Goodhue County,https://goodhuecountymn.gov/finance/auditor_treasurer/tax_forfeited_land/,official,verified_found,County Auditor/Treasurer tax-forfeited land page,round3
MN,27051,Grant County,,not_found,pending,Requires web search,round1
MN,27053,Hennepin County,https://www.hennepincounty.gov/services/property/tax-forfeited-land,official,verified_found,Tax-Forfeited Land,round2
MN,27055,Houston County,,not_found,pending,Requires web search,round1
MN,27057,Hubbard County,,not_found,pending,Requires web search,round1
MN,27059,Isanti County,,not_found,pending,Requires web search,round1
MN,27061,Itasca County,,not_found,pending,Requires web search,round1
MN,27063,Jackson County,,not_found,pending,Requires web search,round1
MN,27065,Kanabec County,https://www.kanabeccounty.org/departments/tax_forfeit_land_sale.php,official,verified_found,County official tax forfeit land sale page; uses Public Surplus,round4
MN,27067,Kandiyohi County,https://www.kcmn.us/departments/auditor_treasurer/tax_forfeited_lands_for_auction.php,official,verified_found,County official tax forfeited lands for auction page,round4
MN,27069,Kittson County,https://www.scottcountymn.gov/2326/Tax-Forfeited-Properties,official,verified_found,Tax-Forfeited Properties,round2
MN,27071,Koochiching County,,not_found,pending,Requires web search,round1
MN,27073,Lac qui Parle County,,not_found,pending,Requires web search,round1
MN,27075,Lake County,https://www.co.lake.mn.us/forestry/land-sales/,official,verified_found,County forestry/land sales page; uses Public Surplus auctions,round4
MN,27077,Lake of the Woods County,,not_found,pending,Requires web search,round1
MN,27079,Le Sueur County,,not_found,pending,Requires web search,round1
MN,27081,Lincoln County,,not_found,pending,Requires web search,round1
MN,27083,Lyon County,https://www.lyonco.org/departments/auditor-treasurer/tax-forfeited-land,official,verified_found,County Auditor/Treasurer tax-forfeited land page,round3
MN,27087,Mahnomen County,,not_found,pending,Requires web search,round1
MN,27089,Marshall County,,not_found,pending,Requires web search,round1
MN,27091,Martin County,https://www.co.martin.mn.us/your_government/departments/auditor_treasurer/tax_forfeited_land.php,official,verified_found,County Auditor/Treasurer tax-forfeited land page,round3
MN,27085,McLeod County,,not_found,pending,Requires web search,round1
MN,27093,Meeker County,,not_found,pending,Requires web search,round1
MN,27095,Mille Lacs County,https://www.millelacs.mn.gov/2700/Tax-Forfeited-Property,official,verified_found,Tax-Forfeited Property,round2
MN,27097,Morrison County,,not_found,pending,Requires web search,round1
MN,27099,Mower County,https://co.mower.mn.us/191/Tax-Forfeited-Properties-For-Sale,official,verified_found,County tax-forfeited properties for sale page,round3
MN,27101,Murray County,,not_found,pending,Requires web search,round1
MN,27103,Nicollet County,,not_found,pending,Requires web search,round1
MN,27105,Nobles County,,not_found,pending,Requires web search,round1
MN,27107,Norman County,,not_found,pending,Requires web search,round1
MN,27109,Olmsted County,https://www.olmstedcounty.gov/business/business-licensing-permits/sales/tax-forfeited-property,official,verified_found,Tax-Forfeited Property,round2
MN,27111,Otter Tail County,https://ottertailcounty.gov/property-home/property-sales/tax-forfeited-lands/,official,verified_found,County Property/Home tax-forfeited lands sales,round3
MN,27113,Pennington County,,not_found,pending,Requires web search,round1
MN,27115,Pine County,,not_found,pending,Requires web search,round1
MN,27117,Pipestone County,,not_found,pending,Requires web search,round1
MN,27119,Polk County,,not_found,pending,Requires web search,round1
MN,27121,Pope County,,not_found,pending,Requires web search,round1
MN,27123,Ramsey County,https://www.ramseycountymn.gov/residents/property-home/taxes-values/productive-properties/tax-forfeited-public-sales,official,verified_found,Tax-Forfeited Public Sales,round2
MN,27125,Red Lake County,,not_found,pending,Requires web search,round1
MN,27127,Redwood County,,not_found,pending,Requires web search,round1
MN,27129,Renville County,,not_found,pending,Requires web search,round1
MN,27131,Rice County,,not_found,pending,Requires web search,round1
MN,27133,Rock County,,not_found,pending,Requires web search,round1
MN,27135,Roseau County,,not_found,pending,Requires web search,round1
MN,27139,Scott County,,not_found,pending,Requires web search,round1
MN,27141,Sherburne County,https://www.co.sherburne.mn.us/232/Tax-Forfeited-Parcels,official,verified_found,Tax-Forfeited Parcels,round2
MN,27143,Sibley County,,not_found,pending,Requires web search,round1
MN,27137,St. Louis County,https://www.stlouiscountymn.gov/departments-a-z/land-minerals/sales-and-contracts/tax-forfeited-land-sales,official,verified_found,Tax-Forfeited Land Sales,round2
MN,27145,Stearns County,https://www.stearnscountymn.gov/tax-forfeited-property,official,verified_found,Tax-Forfeited Property,round2
MN,27147,Steele County,,not_found,pending,Requires web search,round1
MN,27149,Stevens County,,not_found,pending,Requires web search,round1
MN,27151,Swift County,,not_found,pending,Requires web search,round1
MN,27153,Todd County,,not_found,pending,Requires web search,round1
MN,27155,Traverse County,,not_found,pending,Requires web search,round1
MN,27157,Wabasha County,,not_found,pending,Requires web search,round1
MN,27159,Wadena County,https://www.co.wadena.mn.us/322/Tax-Forfeited-Land,official,verified_found,Tax-Forfeited Land,round2
MN,27161,Waseca County,,not_found,pending,Requires web search,round1
MN,27163,Washington County,https://www.washingtoncountymn.gov/1140/Tax-Forfeited-Land,official,verified_found,Tax-Forfeited Land,round2
MN,27165,Watonwan County,,not_found,pending,Requires web search,round1
MN,27167,Wilkin County,,not_found,pending,Requires web search,round1
MN,27169,Winona County,https://www.winonacounty.gov/179/Forfeited-Tax-Sales,official,verified_found,Forfeited Tax Sales,round2
MN,27171,Wright County,https://www.wrightcountymn.gov/1540/Tax-Forfeiture,official,verified_found,Tax-Forfeiture,round2
MN,27173,Yellow Medicine County,,not_found,pending,Requires web search,round1
MO,29001,Adair County,https://adaircountymissouri.com/departments/collector/back-tax-sale/,official,verified_found,Official county collector tax sale page,round4
MO,29003,Andrew County,https://andrewcounty.org/offices/collector/,official,verified_found,Andrew County Collector tax auction page,round3
MO,29005,Atchison County,,not_found,verified_not_found,No county-specific URL found after research,round4
MO,29007,Audrain County,https://www.audraincounty.org/back-tax-sale-faq,official,verified_found,Audrain County back tax sale FAQ,round3
MO,29009,Barry County,https://barrycountycollector.com/taxsale.php,official,verified_found,Official county collector tax sale page,round4
MO,29011,Barton County,https://www.bartoncountycollector.org/TaxSaleBidders/Intro,official,verified_found,Official county collector tax sale page,round4
MO,29013,Bates County,,not_found,verified_not_found,No county-specific URL found after research,round4
MO,29015,Benton County,https://taxsale.bentoncountycollector.com/,official,verified_found,Official county collector tax sale page,round4
MO,29017,Bollinger County,https://www.bid4assets.com/auction/index/1154392,bid4assets,verified_found,Bid4Assets tax lien sale listing,round4
MO,29019,Boone County,https://www.boonemo.gov/collector/real-estate-tax/delinquent.asp,official,verified_found,County collector delinquent tax certificate sale page,round3
MO,29021,Buchanan County,https://www.bid4assets.com/auction/index/1056682,bid4assets,verified_found,Bid4Assets tax lien sale listing,round4
MO,29023,Butler County,,not_found,verified_not_found,No county-specific URL found after research,round4
MO,29025,Caldwell County,https://www.bid4assets.com/auction/index/1102675,bid4assets,verified_found,Bid4Assets tax lien sale listing,round4
MO,29027,Callaway County,,not_found,verified_not_found,No county-specific URL found after research,round4
MO,29029,Camden County,https://collector.camdenmo.org/TaxSaleBidders/Intro,official,verified_found,Official county collector tax sale page,round4
MO,29031,Cape Girardeau County,https://www.capecounty.us/collectors-office,official,verified_found,Official county collectors office page,round4
MO,29033,Carroll County,https://www.carrollcountycollector.org/TaxSaleBidders/Intro,official,verified_found,Official county collector tax sale page,round4
MO,29035,Carter County,,not_found,verified_not_found,No county-specific URL found after research,round4
MO,29037,Cass County,https://www.casscounty.com/2223/Collector,official,verified_found,Cass County Collector with 2026 tax sale information,round3
MO,29039,Cedar County,https://www.bid4assets.com/auction/index/1102665,bid4assets,verified_found,2026 live tax lien sale,round5
MO,29041,Chariton County,https://www.bid4assets.com/auction/index/1222539,bid4assets,verified_found,68 liens live tax lien sale,round5
MO,29043,Christian County,https://www.bid4assets.com/auction/index/1102678,bid4assets,verified_found,2026 live tax lien sale,round5
MO,29045,Clark County,https://www.bid4assets.com/auction/index/1008816,bid4assets,verified_found,live tax lien sale,round5
MO,29047,Clay County,https://claycountymo.tax/tax-sale/,govease,verified_found,Clay County uses GovEase for online auctions,round3
MO,29049,Clinton County,https://www.bid4assets.com/auction/index/1102680,bid4assets,verified_found,57 liens live tax lien sale,round5
MO,29051,Cole County,https://www.colecounty.org/179/Delinquent-Tax-Certificate-Sale,official,verified_found,Cole County official tax sale page,round3
MO,29053,Cooper County,,official,verified_not_found,collector at coopercountymo.gov/collectors.html,round5
MO,29055,Crawford County,,official,verified_not_found,collector at crawfordcountymo.net,round5
MO,29057,Dade County,https://www.bid4assets.com/auction/index/1153822,bid4assets,verified_found,2026 live tax lien sale,round5
MO,29059,Dallas County,https://www.bid4assets.com/auction/index/1153823,bid4assets,verified_found,135 liens live tax lien sale,round5
MO,29061,Daviess County,https://www.bid4assets.com/auction/index/1213847,bid4assets,verified_found,62 liens live tax lien sale,round5
MO,29063,DeKalb County,https://www.bid4assets.com/auction/index/1153825,bid4assets,verified_found,16 liens live tax lien sale,round5
MO,29065,Dent County,,official,verified_not_found,no Bid4Assets listing found,round5
MO,29067,Douglas County,https://www.bid4assets.com/auction/index/1103519,bid4assets,verified_found,7 liens live tax lien sale,round5
MO,29069,Dunklin County,https://www.bid4assets.com/auction/index/960070,bid4assets,verified_found,live tax lien sale 324 liens,round5
MO,29071,Franklin County,https://www.bid4assets.com/auction/index/1222542,bid4assets,verified_found,471 liens live tax lien sale,round5
MO,29073,Gasconade County,https://www.bid4assets.com/auction/index/1102687,bid4assets,verified_found,2026 live tax lien sale,round5
MO,29075,Gentry County,,official,verified_not_found,no Bid4Assets listing found,round5
MO,29077,Greene County,https://www.bid4assets.com/auction/index/1102665,bid4assets,verified_found,Bid4Assets tax lien sale listing,round4
MO,29079,Grundy County,https://www.bid4assets.com/auction/index/1154382,bid4assets,verified_found,2026 live tax lien sale,round5
MO,29081,Harrison County,,official,verified_not_found,no Bid4Assets listing found,round5
MO,29083,Henry County,https://www.bid4assets.com/auction/index/1102691,bid4assets,verified_found,2026 live tax lien sale,round5
MO,29085,Hickory County,https://www.bid4assets.com/auction/index/1102692,bid4assets,verified_found,2026 live tax lien sale,round5
MO,29087,Holt County,https://www.bid4assets.com/auction/index/1102693,bid4assets,verified_found,2026 live tax lien sale,round5
MO,29089,Howard County,https://www.bid4assets.com/auction/index/1102694,bid4assets,verified_found,2026 live tax lien sale,round5
MO,29091,Howell County,,official,verified_not_found,4th Monday August - no dedicated online auction URL,round5
MO,29093,Iron County,https://www.bid4assets.com/auction/index/1153834,bid4assets,verified_found,2026 live tax lien sale,round5
MO,29095,Jackson County,https://www.16thcircuit.org/dlt-sale,official,verified_found,16th Circuit Court delinquent land tax sale page,round3
MO,29097,Jasper County,https://jaspercountycollector.com/delinquent.php,official,verified_found,Jasper County Collector delinquent page,round3
MO,29099,Jefferson County,https://www.bid4assets.com/auction/index/1102696,bid4assets,verified_found,572 liens live tax lien sale,round5
MO,29101,Johnson County,https://www.bid4assets.com/auction/index/1102697,bid4assets,verified_found,2026 live tax lien sale,round5
MO,29103,Knox County,,official,verified_not_found,no Bid4Assets listing found,round5
MO,29105,Laclede County,https://www.bid4assets.com/auction/index/1102698,bid4assets,verified_found,20 liens live tax lien sale,round5
MO,29107,Lafayette County,https://www.bid4assets.com/auction/index/1102699,bid4assets,verified_found,2026 live tax lien sale,round5
MO,29109,Lawrence County,https://www.bid4assets.com/auction/index/1153839,bid4assets,verified_found,42 liens live tax lien sale,round5
MO,29111,Lewis County,,official,verified_not_found,no Bid4Assets listing found,round5
MO,29113,Lincoln County,https://www.bid4assets.com/auction/index/1214132,bid4assets,verified_found,50 liens live tax lien sale,round5
MO,29115,Linn County,https://www.bid4assets.com/auction/index/1222933,bid4assets,verified_found,58 liens live tax lien sale,round5
MO,29117,Livingston County,https://www.bid4assets.com/auction/index/1154700,bid4assets,verified_found,15 liens live tax lien sale,round5
MO,29121,Macon County,https://www.bid4assets.com/auction/index/1153841,bid4assets,verified_found,112 liens live tax lien sale,round5
MO,29123,Madison County,,official,verified_not_found,no Bid4Assets listing found,round5
MO,29125,Maries County,https://www.bid4assets.com/auction/index/1153827,bid4assets,verified_found,1 lien live tax lien sale,round5
MO,29127,Marion County,https://www.bid4assets.com/auction/index/1214134,bid4assets,verified_found,94 liens live tax lien sale,round5
MO,29119,McDonald County,,official,verified_not_found,no Bid4Assets listing found,round5
MO,29129,Mercer County,https://www.bid4assets.com/auction/index/1102705,bid4assets,verified_found,18 liens live tax lien sale,round5
MO,29131,Miller County,,official,verified_not_found,no Bid4Assets listing found,round5
MO,29133,Mississippi County,,official,verified_not_found,no Bid4Assets listing found,round5
MO,29135,Moniteau County,https://www.bid4assets.com/auction/index/1102707,bid4assets,verified_found,10 liens live tax lien sale,round5
MO,29137,Monroe County,,official,verified_not_found,no Bid4Assets listing found,round5
MO,29139,Montgomery County,,official,verified_not_found,no Bid4Assets listing found,round5
MO,29141,Morgan County,https://www.bid4assets.com/auction/index/1102709,bid4assets,verified_found,118 liens live tax lien sale,round5
MO,29143,New Madrid County,,official,verified_not_found,no Bid4Assets listing found,round5
MO,29145,Newton County,https://www.bid4assets.com/auction/index/1102710,bid4assets,verified_found,193 liens live tax lien sale,round5
MO,29147,Nodaway County,https://www.bid4assets.com/auction/index/1102711,bid4assets,verified_found,51 liens live tax lien sale,round5
MO,29149,Oregon County,,official,verified_not_found,no Bid4Assets listing found,round5
MO,29151,Osage County,https://www.bid4assets.com/auction/index/1102917,bid4assets,verified_found,2 liens live tax lien sale,round5
MO,29153,Ozark County,https://www.bid4assets.com/auction/index/1102712,bid4assets,verified_found,40 liens live tax lien sale,round5
MO,29155,Pemiscot County,,official,verified_not_found,no Bid4Assets listing found,round5
MO,29157,Perry County,,official,verified_not_found,4th Monday August at courthouse - no online platform,round5
MO,29159,Pettis County,https://www.bid4assets.com/auction/index/1222551,bid4assets,verified_found,96 liens live tax lien sale,round5
MO,29161,Phelps County,https://www.bid4assets.com/auction/index/1303204,bid4assets,verified_found,97 liens live tax lien sale,round5
MO,29163,Pike County,,official,verified_not_found,Sheriff sales on Bid4Assets but not tax lien specific URL,round5
MO,29165,Platte County,https://www.plattecountycollector.com/taxsale7.php,official,verified_found,Platte County Collector tax sale page,round3
MO,29167,Polk County,,official,verified_not_found,4th Monday August at courthouse Bolivar - no online platform,round5
MO,29169,Pulaski County,,official,verified_not_found,pulaskicollector.com has no dedicated online auction URL,round5
MO,29171,Putnam County,,official,verified_not_found,no Bid4Assets listing found,round5
MO,29173,Ralls County,,official,verified_not_found,no Bid4Assets listing found,round5
MO,29175,Randolph County,,official,verified_not_found,no Bid4Assets listing found,round5
MO,29177,Ray County,https://www.bid4assets.com/auction/index/1222932,bid4assets,verified_found,200 liens live tax lien sale,round5
MO,29179,Reynolds County,https://www.bid4assets.com/auction/index/1155153,bid4assets,verified_found,24 liens live tax lien sale,round5
MO,29181,Ripley County,,official,verified_not_found,no Bid4Assets listing found,round5
MO,29195,Saline County,https://www.bid4assets.com/auction/index/1303298,bid4assets,verified_found,130 liens live tax lien sale,round5
MO,29197,Schuyler County,,official,verified_not_found,no Bid4Assets listing found,round5
MO,29199,Scotland County,,official,verified_not_found,no Bid4Assets listing found,round5
MO,29201,Scott County,,official,verified_not_found,no Bid4Assets listing found,round5
MO,29203,Shannon County,https://www.bid4assets.com/auction/index/1222549,bid4assets,verified_found,11 liens live tax lien sale,round5
MO,29205,Shelby County,,official,verified_not_found,no Bid4Assets listing found,round5
MO,29183,St. Charles County,https://www.sccmo.org/283/Tax-Sale-Information,official,verified_found,Official county tax sale information page,round3
MO,29185,St. Clair County,,official,verified_not_found,no Bid4Assets listing found,round5
MO,29187,St. Francois County,,official,verified_not_found,in-person 4th Monday August at courthouse Farmington,round5
MO,29510,St. Louis city,,official,verified_not_found,in-person only at Civil Courts Building - no online platform,round5
MO,29189,St. Louis County,https://stlouiscountymo.gov/st-louis-county-departments/revenue/tax-sale-archives/,official,verified_found,County revenue department tax sale archives,round3
MO,29186,Ste. Genevieve County,,official,verified_not_found,no Bid4Assets listing found,round5
MO,29207,Stoddard County,https://www.bid4assets.com/auction/index/1222557,bid4assets,verified_found,80 liens live tax lien sale,round5
MO,29209,Stone County,,official,verified_not_found,no Bid4Assets listing found,round5
MO,29211,Sullivan County,,official,verified_not_found,no Bid4Assets listing found,round5
MO,29213,Taney County,,official,verified_not_found,4th Monday August at courthouse Forsyth - no online platform,round5
MO,29215,Texas County,,official,verified_not_found,no Bid4Assets listing found,round5
MO,29217,Vernon County,https://www.bid4assets.com/auction/index/1102920,bid4assets,verified_found,82 liens live tax lien sale,round5
MO,29219,Warren County,https://www.bid4assets.com/auction/index/960761,bid4assets,verified_found,249 liens live tax lien sale,round5
MO,29221,Washington County,,official,verified_not_found,no Bid4Assets listing found,round5
MO,29223,Wayne County,,official,verified_not_found,no Bid4Assets listing found,round5
MO,29225,Webster County,,official,verified_not_found,no Bid4Assets listing found,round5
MO,29227,Worth County,,official,verified_not_found,no Bid4Assets listing found,round5
MO,29229,Wright County,https://www.bid4assets.com/auction/index/1213854,bid4assets,verified_found,23 liens live tax lien sale,round5
MS,28001,Adams County,https://www.govease.com,govease,verified_found,GovEase Fall 2026 auctions,round2
MS,28003,Alcorn County,https://www.govease.com,govease,verified_found,GovEase Fall 2026 auctions,round2
MS,28005,Amite County,https://www.govease.com,govease,verified_found,GovEase Spring 2026 auctions,round2
MS,28007,Attala County,https://www.govease.com,govease,verified_found,GovEase Fall 2026 auctions,round2
MS,28009,Benton County,https://www.govease.com,govease,verified_found,GovEase Fall 2026 auctions,round2
MS,28011,Bolivar County,https://www.govease.com,govease,verified_found,GovEase Spring 2026 auctions,round2
MS,28013,Calhoun County,https://www.govease.com,govease,verified_found,GovEase Fall 2026 auctions,round2
MS,28015,Carroll County,https://www.govease.com,govease,verified_found,GovEase Fall 2026 auctions,round2
MS,28017,Chickasaw County,https://www.govease.com,govease,verified_found,GovEase Fall 2026 auctions,round2
MS,28019,Choctaw County,,,verified_not_found,Not confirmed on GovEase lists,round2
MS,28021,Claiborne County,https://www.govease.com,govease,verified_found,GovEase Fall 2026 auctions,round2
MS,28023,Clarke County,https://www.govease.com,govease,verified_found,GovEase Fall 2026 auctions,round2
MS,28025,Clay County,https://www.govease.com,govease,verified_found,GovEase Fall 2026 auctions,round2
MS,28027,Coahoma County,https://www.govease.com,govease,verified_found,GovEase Fall 2026 auctions,round2
MS,28029,Copiah County,https://www.govease.com,govease,verified_found,GovEase Fall 2026 auctions,round2
MS,28031,Covington County,https://www.govease.com,govease,verified_found,GovEase Fall 2026 auctions,round2
MS,28033,DeSoto County,https://www.govease.com,govease,verified_found,GovEase Fall 2026 auctions,round2
MS,28035,Forrest County,https://www.govease.com,govease,verified_found,GovEase Fall 2026 auctions,round2
MS,28037,Franklin County,https://www.govease.com,govease,verified_found,GovEase Fall 2026 auctions,round2
MS,28039,George County,https://www.govease.com,govease,verified_found,GovEase Fall 2026 auctions,round2
MS,28041,Greene County,https://www.govease.com,govease,verified_found,GovEase Fall 2026 auctions,round2
MS,28043,Grenada County,https://www.govease.com,govease,verified_found,GovEase Fall 2026 auctions,round2
MS,28045,Hancock County,https://www.govease.com,govease,verified_found,GovEase Fall 2026 auctions,round2
MS,28047,Harrison County,https://www.govease.com,govease,verified_found,GovEase Fall 2026 auctions,round2
MS,28049,Hinds County,https://www.govease.com,govease,verified_found,GovEase Fall 2026 auctions,round2
MS,28051,Holmes County,https://www.govease.com,govease,verified_found,GovEase Fall 2026 auctions,round2
MS,28053,Humphreys County,https://www.govease.com,govease,verified_found,GovEase Fall 2026 auctions,round2
MS,28055,Issaquena County,,,verified_not_found,Not confirmed on GovEase lists,round2
MS,28057,Itawamba County,https://www.govease.com,govease,verified_found,GovEase Fall 2026 auctions,round2
MS,28059,Jackson County,https://www.govease.com,govease,verified_found,GovEase Fall 2026 auctions,round2
MS,28061,Jasper County,https://www.govease.com,govease,verified_found,GovEase Fall 2026 auctions,round2
MS,28063,Jefferson County,https://www.govease.com,govease,verified_found,GovEase Fall 2026 auctions,round2
MS,28065,Jefferson Davis County,https://www.govease.com,govease,verified_found,GovEase Fall 2026 auctions,round2
MS,28067,Jones County,https://www.govease.com,govease,verified_found,GovEase Fall 2026 auctions,round2
MS,28069,Kemper County,https://www.govease.com,govease,verified_found,GovEase Fall 2026 auctions,round2
MS,28071,Lafayette County,https://www.govease.com,govease,verified_found,GovEase Fall 2026 auctions,round2
MS,28073,Lamar County,https://www.govease.com,govease,verified_found,GovEase Fall 2026 auctions,round2
MS,28075,Lauderdale County,https://www.govease.com,govease,verified_found,GovEase Fall 2026 auctions,round2
MS,28077,Lawrence County,https://www.govease.com,govease,verified_found,GovEase Fall 2026 auctions,round2
MS,28079,Leake County,https://www.govease.com,govease,verified_found,GovEase Fall 2026 auctions,round2
MS,28081,Lee County,https://www.govease.com,govease,verified_found,GovEase Fall 2026 auctions,round2
MS,28083,Leflore County,https://www.govease.com,govease,verified_found,GovEase Fall 2026 auctions,round2
MS,28085,Lincoln County,https://www.govease.com,govease,verified_found,GovEase Fall 2026 auctions,round2
MS,28087,Lowndes County,https://www.govease.com,govease,verified_found,GovEase Fall 2026 auctions,round2
MS,28089,Madison County,https://www.govease.com,govease,verified_found,GovEase Fall 2026 auctions,round2
MS,28091,Marion County,https://www.govease.com,govease,verified_found,GovEase Fall 2026 auctions,round2
MS,28093,Marshall County,https://www.govease.com,govease,verified_found,GovEase Fall 2026 auctions,round2
MS,28095,Monroe County,https://www.govease.com,govease,verified_found,GovEase Fall 2026 auctions,round2
MS,28097,Montgomery County,https://www.govease.com,govease,verified_found,GovEase Spring 2026 auctions,round2
MS,28099,Neshoba County,https://www.govease.com,govease,verified_found,GovEase Fall 2026 auctions,round2
MS,28101,Newton County,https://www.govease.com,govease,verified_found,GovEase Fall 2026 auctions,round2
MS,28103,Noxubee County,,,verified_not_found,Not confirmed on GovEase lists,round2
MS,28105,Oktibbeha County,https://www.govease.com,govease,verified_found,GovEase Fall 2026 auctions,round2
MS,28107,Panola County,https://www.govease.com,govease,verified_found,GovEase Fall 2026 auctions,round2
MS,28109,Pearl River County,https://www.govease.com,govease,verified_found,GovEase Fall 2026 auctions,round2
MS,28111,Perry County,https://www.govease.com,govease,verified_found,GovEase Fall 2026 auctions,round2
MS,28113,Pike County,https://www.govease.com,govease,verified_found,GovEase Fall 2026 auctions,round2
MS,28115,Pontotoc County,https://www.govease.com,govease,verified_found,GovEase Fall 2026 auctions,round2
MS,28117,Prentiss County,https://www.govease.com,govease,verified_found,GovEase Fall 2026 auctions,round2
MS,28119,Quitman County,https://www.govease.com/auctions,govease,verified_found,MS counties use GovEase platform for tax sales,round1
MS,28121,Rankin County,https://www.govease.com/auctions,govease,verified_found,MS counties use GovEase platform for tax sales,round1
MS,28123,Scott County,https://www.govease.com/auctions,govease,verified_found,MS counties use GovEase platform for tax sales,round1
MS,28125,Sharkey County,https://www.govease.com/auctions,govease,verified_found,MS counties use GovEase platform for tax sales,round1
MS,28127,Simpson County,https://www.govease.com/auctions,govease,verified_found,MS counties use GovEase platform for tax sales,round1
MS,28129,Smith County,https://www.govease.com/auctions,govease,verified_found,MS counties use GovEase platform for tax sales,round1
MS,28131,Stone County,https://www.govease.com/auctions,govease,verified_found,MS counties use GovEase platform for tax sales,round1
MS,28133,Sunflower County,https://www.govease.com/auctions,govease,verified_found,MS counties use GovEase platform for tax sales,round1
MS,28135,Tallahatchie County,https://www.govease.com/auctions,govease,verified_found,MS counties use GovEase platform for tax sales,round1
MS,28137,Tate County,https://www.govease.com/auctions,govease,verified_found,MS counties use GovEase platform for tax sales,round1
MS,28139,Tippah County,https://www.govease.com/auctions,govease,verified_found,MS counties use GovEase platform for tax sales,round1
MS,28141,Tishomingo County,https://www.govease.com/auctions,govease,verified_found,MS counties use GovEase platform for tax sales,round1
MS,28143,Tunica County,https://www.govease.com/auctions,govease,verified_found,MS counties use GovEase platform for tax sales,round1
MS,28145,Union County,https://www.govease.com/auctions,govease,verified_found,MS counties use GovEase platform for tax sales,round1
MS,28147,Walthall County,https://www.govease.com/auctions,govease,verified_found,MS counties use GovEase platform for tax sales,round1
MS,28149,Warren County,https://www.govease.com/auctions,govease,verified_found,MS counties use GovEase platform for tax sales,round1
MS,28151,Washington County,https://www.govease.com/auctions,govease,verified_found,MS counties use GovEase platform for tax sales,round1
MS,28153,Wayne County,https://www.govease.com/auctions,govease,verified_found,MS counties use GovEase platform for tax sales,round1
MS,28155,Webster County,https://www.govease.com/auctions,govease,verified_found,MS counties use GovEase platform for tax sales,round1
MS,28157,Wilkinson County,https://www.govease.com/auctions,govease,verified_found,MS counties use GovEase platform for tax sales,round1
MS,28159,Winston County,https://www.govease.com/auctions,govease,verified_found,MS counties use GovEase platform for tax sales,round1
MS,28161,Yalobusha County,https://www.govease.com/auctions,govease,verified_found,MS counties use GovEase platform for tax sales,round1
MS,28163,Yazoo County,https://www.govease.com/auctions,govease,verified_found,MS counties use GovEase platform for tax sales,round1
MT,30001,Beaverhead County,,official,pending,no online tax auction found,round1
MT,30003,Big Horn County,,official,pending,no online tax auction found,round1
MT,30005,Blaine County,,official,pending,no online tax auction found,round1
MT,30007,Broadwater County,,official,pending,no online tax auction found,round1
MT,30009,Carbon County,,official,pending,no online tax auction found,round1
MT,30011,Carter County,,official,pending,no online tax auction found,round1
MT,30013,Cascade County,,official,pending,no online tax auction found,round1
MT,30015,Chouteau County,,official,pending,no online tax auction found,round1
MT,30017,Custer County,,official,pending,no online tax auction found,round1
MT,30019,Daniels County,,official,pending,no online tax auction found,round1
MT,30021,Dawson County,,official,pending,no online tax auction found,round1
MT,30023,Deer Lodge County,,official,pending,no online tax auction found,round1
MT,30025,Fallon County,,official,pending,no online tax auction found,round1
MT,30027,Fergus County,,official,pending,no online tax auction found,round1
MT,30029,Flathead County,https://www.bid4assets.com/auction/index/1156018,bid4assets,verified_found,Tax Lien Sale - 4885 Liens,round5
MT,30031,Gallatin County,https://www.bid4assets.com/auction/index/1156939,bid4assets,verified_found,Tax Lien Sale - 1100 Liens,round5
MT,30033,Garfield County,,official,pending,no online tax auction found,round1
MT,30035,Glacier County,,official,pending,no online tax auction found,round1
MT,30037,Golden Valley County,,official,pending,no online tax auction found,round1
MT,30039,Granite County,,official,pending,no online tax auction found,round1
MT,30041,Hill County,,official,pending,no online tax auction found,round1
MT,30043,Jefferson County,,official,pending,no online tax auction found,round1
MT,30045,Judith Basin County,,official,pending,no online tax auction found,round1
MT,30047,Lake County,,official,pending,no online tax auction found,round1
MT,30049,Lewis and Clark County,,official,pending,no online tax auction found,round1
MT,30051,Liberty County,,official,pending,no online tax auction found,round1
MT,30053,Lincoln County,,official,pending,no online tax auction found,round1
MT,30057,Madison County,,official,pending,no online tax auction found,round1
MT,30055,McCone County,,official,pending,no online tax auction found,round1
MT,30059,Meagher County,,official,pending,no online tax auction found,round1
MT,30061,Mineral County,,official,pending,no online tax auction found,round1
MT,30063,Missoula County,https://www.bid4assets.com/MISSOULAMT2025,bid4assets,verified_found,Tax Sale Auction 2025,round5
MT,30065,Musselshell County,,official,pending,no online tax auction found,round1
MT,30067,Park County,,official,pending,no online tax auction found,round1
MT,30069,Petroleum County,,official,pending,no online tax auction found,round1
MT,30071,Phillips County,,official,pending,no online tax auction found,round1
MT,30073,Pondera County,,official,pending,no online tax auction found,round1
MT,30075,Powder River County,,official,pending,no online tax auction found,round1
MT,30077,Powell County,,official,pending,no online tax auction found,round1
MT,30079,Prairie County,,official,pending,no online tax auction found,round1
MT,30081,Ravalli County,,official,pending,no online tax auction found,round1
MT,30083,Richland County,,official,pending,no online tax auction found,round1
MT,30085,Roosevelt County,,official,pending,no online tax auction found,round1
MT,30087,Rosebud County,,official,pending,no online tax auction found,round1
MT,30089,Sanders County,,official,pending,no online tax auction found,round1
MT,30091,Sheridan County,,official,pending,no online tax auction found,round1
MT,30093,Silver Bow County,,official,pending,no online tax auction found,round1
MT,30095,Stillwater County,,official,pending,no online tax auction found,round1
MT,30097,Sweet Grass County,,official,pending,no online tax auction found,round1
MT,30099,Teton County,,official,pending,no online tax auction found,round1
MT,30101,Toole County,,official,pending,no online tax auction found,round1
MT,30103,Treasure County,,official,pending,no online tax auction found,round1
MT,30105,Valley County,,official,pending,no online tax auction found,round1
MT,30107,Wheatland County,,official,pending,no online tax auction found,round1
MT,30109,Wibaux County,,official,pending,no online tax auction found,round1
MT,30111,Yellowstone County,https://www.yellowstonecountymt.gov/treasurer/TaxSales.asp,official,verified_found,county treasurer tax sales page,round1
NC,37001,Alamance County,https://tax.alamancecountync.gov/home-1/tax-foreclosures/,official,verified_found,Official county tax department page,round2
NC,37003,Alexander County,https://alexandercountync.gov/departments/tax-office/,official,verified_found,General tax office page; no dedicated auction URL found,round2
NC,37005,Alleghany County,https://alleghanycounty-nc.gov/index.php/tax-office/,official,verified_found,General tax office page; no dedicated auction URL found,round2
NC,37007,Anson County,https://www.co.anson.nc.us/180/Tax-Collector,official,verified_found,Anson County tax collector page with law firm (Kania Law Firm) foreclosure link,round3
NC,37009,Ashe County,https://www.ashecountygov.com/departments/tax-administration/pending-tax-foreclosures,official,verified_found,Official county tax foreclosure page,round4
NC,37011,Avery County,,official,pending,county-specific search needed,round1
NC,37013,Beaufort County,,official,pending,county-specific search needed,round1
NC,37015,Bertie County,,official,pending,county-specific search needed,round1
NC,37017,Bladen County,,official,pending,county-specific search needed,round1
NC,37019,Brunswick County,,official,pending,county-specific search needed,round1
NC,37021,Buncombe County,https://www.buncombenc.gov/622/Tax-Foreclosure-Sales,official,verified_found,Official Buncombe County tax foreclosure sales page,round3
NC,37023,Burke County,,official,pending,county-specific search needed,round1
NC,37025,Cabarrus County,https://foreclosures.cabarruscounty.us/,official,verified_found,Official county foreclosure search resource,round4
NC,37027,Caldwell County,,official,pending,county-specific search needed,round1
NC,37029,Camden County,,official,pending,county-specific search needed,round1
NC,37031,Carteret County,,official,pending,county-specific search needed,round1
NC,37033,Caswell County,,official,pending,county-specific search needed,round1
NC,37035,Catawba County,https://www.catawbacountync.gov/county-services/tax/online-search/search-foreclosure-sales/,official,verified_found,Official county foreclosure sales search,round4
NC,37037,Chatham County,https://www.chathamcountync.gov/government/departments-programs-i-z/tax-administration/tax-foreclosure-sales,official,verified_found,Official county tax foreclosure sales page,round4
NC,37039,Cherokee County,https://www.cherokeecounty-nc.gov/227/Tax-Foreclosures,official,verified_found,Official county tax foreclosure page,round4
NC,37041,Chowan County,,official,pending,county-specific search needed,round1
NC,37043,Clay County,,official,pending,county-specific search needed,round1
NC,37045,Cleveland County,,official,pending,county-specific search needed,round1
NC,37047,Columbus County,,official,pending,county-specific search needed,round1
NC,37049,Craven County,https://www.cravencountync.gov/2283/Property-Foreclosures,official,verified_found,Official county property foreclosure page,round5
NC,37051,Cumberland County,https://www.cumberlandcountync.gov/departments/tax-group/tax/tax-foreclosure-sales,official,verified_found,Official county tax foreclosure sales page,round5
NC,37053,Currituck County,,official,pending,county-specific search needed,round1
NC,37055,Dare County,,official,pending,county-specific search needed,round1
NC,37057,Davidson County,https://kanialawfirm.com/tax-foreclosures-davidson-county/tax-foreclosure-sales/,kania_law,verified_found,Kania Law Firm tax foreclosure sales page,round4
NC,37059,Davie County,,official,pending,county-specific search needed,round1
NC,37061,Duplin County,https://www.duplinnc.gov/498/Tax-Foreclosure,official,verified_found,Official county tax foreclosure page,round5
NC,37063,Durham County,https://dconc.gov/Tax-Administration/Payment-Options-and-Collections/Foreclosure,official,verified_found,Official Durham County tax foreclosure page with monthly auction schedule,round3
NC,37065,Edgecombe County,https://www.edgecombecountync.gov/businesses/tax_collector/tax_foreclosure_list.php,official,verified_found,Official county tax foreclosure list page,round5
NC,37067,Forsyth County,https://www.co.forsyth.nc.us/tax/foreclosure.aspx,official,verified_found,Official county tax foreclosure page,round4
NC,37069,Franklin County,https://www.franklincountync.gov/403/Foreclosures,official,verified_found,Official county foreclosures page,round5
NC,37071,Gaston County,https://www.gastongov.com/669/Tax-Foreclosure-Sales,official,verified_found,Official county tax foreclosure page,round4
NC,37073,Gates County,,official,pending,county-specific search needed,round1
NC,37075,Graham County,,official,pending,county-specific search needed,round1
NC,37077,Granville County,,official,pending,county-specific search needed,round1
NC,37079,Greene County,,official,pending,county-specific search needed,round1
NC,37081,Guilford County,https://www.guilfordcountync.gov/government/departments-and-agencies/tax-department/foreclosures,official,verified_found,Official county foreclosure page,round4
NC,37083,Halifax County,,official,pending,county-specific search needed,round1
NC,37085,Harnett County,,official,pending,county-specific search needed,round1
NC,37087,Haywood County,,official,pending,county-specific search needed,round1
NC,37089,Henderson County,,official,pending,county-specific search needed,round1
NC,37091,Hertford County,,official,pending,county-specific search needed,round1
NC,37093,Hoke County,https://www.hokecounty.net/490/Foreclosure-Sales,official,verified_found,Official county foreclosure sales page,round4
NC,37095,Hyde County,,official,pending,county-specific search needed,round1
NC,37097,Iredell County,https://www.iredellcountync.gov/565/Foreclosure-Auctions,official,verified_found,Official county foreclosure auctions page,round4
NC,37099,Jackson County,,official,pending,county-specific search needed,round1
NC,37101,Johnston County,https://www.johnstonnc.gov/tax2/tcontent.cfm?pid=auctions,official,verified_found,Official county tax foreclosure auctions page,round5
NC,37103,Jones County,,official,pending,county-specific search needed,round1
NC,37105,Lee County,https://leecountync.gov/departments/tax_administration/tax_foreclosure_sales.php,official,verified_found,Official county tax foreclosure sales page,round5
NC,37107,Lenoir County,,official,pending,county-specific search needed,round1
NC,37109,Lincoln County,https://www.lincolncountync.gov/2368/Foreclosures,official,verified_found,Official county foreclosures page,round4
NC,37113,Macon County,,official,pending,county-specific search needed,round1
NC,37115,Madison County,,official,pending,county-specific search needed,round1
NC,37117,Martin County,,official,pending,county-specific search needed,round1
NC,37111,McDowell County,,official,pending,county-specific search needed,round1
NC,37119,Mecklenburg County,https://kanialawfirm.com/tax-foreclosures-mecklenburg-county/tax-foreclosure-sales/,kania_law,verified_found,Kania Law Firm auction page,round4
NC,37121,Mitchell County,,official,pending,county-specific search needed,round1
NC,37123,Montgomery County,,official,pending,county-specific search needed,round1
NC,37125,Moore County,,official,pending,county-specific search needed,round1
NC,37127,Nash County,,official,pending,county-specific search needed,round1
NC,37129,New Hanover County,https://www.nhcgov.com/345/Foreclosures,official,verified_found,Official county foreclosures page,round4
NC,37131,Northampton County,,official,pending,county-specific search needed,round1
NC,37133,Onslow County,,official,pending,county-specific search needed,round1
NC,37135,Orange County,https://www.orangecountync.gov/902/Tax-Auctions,official,verified_found,Official county tax auctions page,round4
NC,37137,Pamlico County,,official,pending,county-specific search needed,round1
NC,37139,Pasquotank County,,official,pending,county-specific search needed,round1
NC,37141,Pender County,https://pendercountync.gov/464/Tax-Foreclosure-Surplus-Property,official,verified_found,Official county tax foreclosure and surplus property page,round5
NC,37143,Perquimans County,,official,pending,county-specific search needed,round1
NC,37145,Person County,,official,pending,county-specific search needed,round1
NC,37147,Pitt County,https://www.pittcountync.gov/1165/Tax-Auction-Listings,official,verified_found,Official county tax auction listings page,round4
NC,37149,Polk County,,official,pending,county-specific search needed,round1
NC,37151,Randolph County,https://www.randolphcountync.gov/343/Tax-Liens,official,verified_found,Official county tax liens/foreclosure page,round4
NC,37153,Richmond County,https://www.richmondnc.com/279/Collections,official,verified_found,Official county collections page; tax foreclosure sales listed,round5
NC,37155,Robeson County,,official,pending,county-specific search needed,round1
NC,37157,Rockingham County,,official,pending,county-specific search needed,round1
NC,37159,Rowan County,https://www.rowancountync.gov/212/Foreclosures,official,verified_found,Official county foreclosures page,round4
NC,37161,Rutherford County,https://www.rutherfordcountync.gov/departments/revenue_department_tax_administrator/foreclosure_information/outside_law_(kania_law_firm)_current_and_upcoming_foreclosure_sale_dates.php,kania_law,verified_found,County page with Kania Law Firm foreclosure info,round4
NC,37163,Sampson County,https://www.sampsoncountync.gov/Government/Departments-A-Z/Tax-Administration/Real-Estate,official,verified_found,Official county tax administration real estate page,round5
NC,37165,Scotland County,,official,pending,county-specific search needed,round1
NC,37167,Stanly County,https://www.stanlycountync.gov/304/Collections,official,verified_found,Official county collections page includes tax foreclosure info,round5
NC,37169,Stokes County,,official,pending,county-specific search needed,round1
NC,37171,Surry County,,official,pending,county-specific search needed,round1
NC,37173,Swain County,,official,pending,county-specific search needed,round1
NC,37175,Transylvania County,,official,pending,county-specific search needed,round1
NC,37177,Tyrrell County,,official,pending,county-specific search needed,round1
NC,37179,Union County,https://www.unioncountync.gov/government/departments-r-z/taxes-property/collection-payment/property-tax-foreclosure-auction,official,verified_found,Official county property tax foreclosure auction page,round5
NC,37181,Vance County,,official,pending,county-specific search needed,round1
NC,37183,Wake County,https://www.wake.gov/departments-government/tax-administration/real-estate/foreclosures,official,verified_found,Official Wake County foreclosure page with auction schedule,round3
NC,37185,Warren County,,official,pending,county-specific search needed,round1
NC,37187,Washington County,,official,pending,county-specific search needed,round1
NC,37189,Watauga County,,official,pending,county-specific search needed,round1
NC,37191,Wayne County,,official,pending,county-specific search needed,round1
NC,37193,Wilkes County,,official,pending,county-specific search needed,round1
NC,37195,Wilson County,,official,pending,county-specific search needed,round1
NC,37197,Yadkin County,,official,pending,county-specific search needed,round1
NC,37199,Yancey County,,official,pending,county-specific search needed,round1
ND,38001,Adams County,,blank,verified_not_found,County auditor handles November sales; no centralized online auction page verified,round5
ND,38003,Barnes County,,blank,verified_not_found,County auditor conducts third Tuesday November sales; no online auction URL located,round5
ND,38005,Benson County,,blank,verified_not_found,Standard November auditor sale process; no verified online auction page,round5
ND,38007,Billings County,,blank,verified_not_found,County auditor sale process; no dedicated online auction page found,round5
ND,38009,Bottineau County,,blank,verified_not_found,No verified online auction page located,round5
ND,38011,Bowman County,,blank,verified_not_found,County auditor sale; no accessible online auction URL,round5
ND,38013,Burke County,,blank,verified_not_found,No verified auction page found,round5
ND,38015,Burleigh County,https://www.bid4assets.com/auction/index/1166867,bid4assets,verified_found,Burleigh County uses Bid4Assets platform for tax deed auctions; confirmed active listing,round5
ND,38017,Cass County,https://www.bid4assets.com/auction/index/1166647,bid4assets,verified_found,Cass County (Fargo) uses Bid4Assets platform for tax deed sales; confirmed auctions scheduled,round5
ND,38019,Cavalier County,,blank,verified_not_found,No verified online auction page located,round5
ND,38021,Dickey County,,blank,verified_not_found,County auditor sale process; no online auction page found,round5
ND,38023,Divide County,,official,pending,county-specific search needed,round1
ND,38025,Dunn County,,blank,verified_not_found,No verified auction page located,round5
ND,38027,Eddy County,,blank,verified_not_found,No online auction URL found,round5
ND,38029,Emmons County,,blank,verified_not_found,No verified auction page,round5
ND,38031,Foster County,,blank,verified_not_found,No accessible online auction page,round5
ND,38033,Golden Valley County,,blank,verified_not_found,No verified auction URL,round5
ND,38035,Grand Forks County,https://www.bid4assets.com/mvc/auction/909958,bid4assets,verified_found,Grand Forks County uses Bid4Assets platform for tax deed sales; verified listings available,round5
ND,38037,Grant County,,blank,verified_not_found,No verified online auction page located,round5
ND,38039,Griggs County,,official,pending,county-specific search needed,round1
ND,38041,Hettinger County,,blank,verified_not_found,No verified auction page found,round5
ND,38043,Kidder County,,blank,verified_not_found,No online auction URL located,round5
ND,38045,LaMoure County,,blank,verified_not_found,No verified auction page,round5
ND,38047,Logan County,,official,pending,county-specific search needed,round1
ND,38049,McHenry County,,blank,verified_not_found,No verified auction page located,round5
ND,38051,McIntosh County,,blank,verified_not_found,No online auction URL found,round5
ND,38053,McKenzie County,,blank,verified_not_found,No verified auction page,round5
ND,38055,McLean County,,official,pending,county-specific search needed,round1
ND,38057,Mercer County,,blank,verified_not_found,No verified auction page located,round5
ND,38059,Morton County,,blank,verified_not_found,No online auction URL found,round5
ND,38061,Mountrail County,,blank,verified_not_found,No verified auction page,round5
ND,38063,Nelson County,,official,pending,county-specific search needed,round1
ND,38065,Oliver County,,blank,verified_not_found,No verified auction page,round5
ND,38067,Pembina County,,blank,verified_not_found,No dedicated online auction page located,round5
ND,38069,Pierce County,,blank,verified_not_found,No verified auction URL found,round5
ND,38071,Ramsey County,https://www.ramseycountynd.gov/187/Tax-Forfeited-Property,other_platform,verified_found,Official county website with tax-forfeited property page for November sales,round5
ND,38073,Ransom County,,blank,verified_not_found,No verified online auction page located,round5
ND,38075,Renville County,,official,pending,county-specific search needed,round1
ND,38077,Richland County,,blank,verified_not_found,No verified auction page found,round5
ND,38079,Rolette County,,blank,verified_not_found,No online auction URL located,round5
ND,38081,Sargent County,,blank,verified_not_found,No verified auction page,round5
ND,38083,Sheridan County,,official,pending,county-specific search needed,round1
ND,38085,Sioux County,,blank,verified_not_found,No verified auction page,round5
ND,38087,Slope County,,blank,verified_not_found,No dedicated online auction page located,round5
ND,38089,Stark County,,blank,verified_not_found,No verified auction URL found,round5
ND,38091,Steele County,,blank,verified_not_found,No accessible online auction page,round5
ND,38093,Stutsman County,,blank,verified_not_found,No verified auction page,round5
ND,38095,Towner County,,blank,verified_not_found,No online auction URL found,round5
ND,38097,Traill County,,blank,verified_not_found,No verified auction page,round5
ND,38099,Walsh County,,official,pending,county-specific search needed,round1
ND,38101,Ward County,https://www.co.ward.nd.us/285/Property-Tax,other_platform,verified_found,Official county website Property Tax page with information on tax-forfeited property sales,round5
ND,38103,Wells County,,blank,verified_not_found,No verified online auction page located,round5
ND,38105,Williams County,,blank,verified_not_found,No accessible online auction URL found,round5
NE,31001,Adams County,https://adamscountyne.gov/treasurer/57-tax-sales,official,verified_found,County treasurer office tax sales page,round3
NE,31003,Antelope County,,official,pending,county-specific search needed,round1
NE,31005,Arthur County,,official,pending,county-specific search needed,round1
NE,31007,Banner County,,official,pending,county-specific search needed,round1
NE,31009,Blaine County,,official,pending,county-specific search needed,round1
NE,31011,Boone County,https://boonecountyne.gov/treasurer-office/public-tax-sale-information/,official,verified_found,Tax sale page on official county site,round4
NE,31013,Box Butte County,https://boxbuttecountyne.gov/treasurer-office/public-tax-sale-information/,official,verified_found,Tax sale information page,round5
NE,31015,Boyd County,,official,pending,county-specific search needed,round1
NE,31017,Brown County,,official,pending,county-specific search needed,round1
NE,31019,Buffalo County,,official,pending,county-specific search needed,round1
NE,31021,Burt County,https://burtcountyne.gov/treasurer-office/public-tax-sale-information/,official,verified_found,Tax sale page on official county site,round4
NE,31023,Butler County,https://butlercountyne.gov/treasurer-office/public-tax-sale-information/,official,verified_found,Tax sale page on official county site,round4
NE,31025,Cass County,https://www.casscountyne.gov/county-treasurer,official,verified_found,County treasurer main page with tax sale info,round4
NE,31027,Cedar County,,official,pending,county-specific search needed,round1
NE,31029,Chase County,,official,pending,county-specific search needed,round1
NE,31031,Cherry County,,official,pending,county-specific search needed,round1
NE,31033,Cheyenne County,,official,pending,county-specific search needed,round1
NE,31035,Clay County,,official,pending,county-specific search needed,round1
NE,31037,Colfax County,,official,pending,county-specific search needed,round1
NE,31039,Cuming County,,official,pending,county-specific search needed,round1
NE,31041,Custer County,,official,pending,county-specific search needed,round1
NE,31043,Dakota County,,official,pending,county-specific search needed,round1
NE,31045,Dawes County,,official,pending,county-specific search needed,round1
NE,31047,Dawson County,,official,pending,county-specific search needed,round1
NE,31049,Deuel County,,official,pending,county-specific search needed,round1
NE,31051,Dixon County,,official,pending,county-specific search needed,round1
NE,31053,Dodge County,,official,pending,county-specific search needed,round1
NE,31055,Douglas County,https://treasurer.douglascounty-ne.gov/public-tax-sale/,official,verified_found,Public Tax Sale,round2
NE,31057,Dundy County,,official,pending,county-specific search needed,round1
NE,31059,Fillmore County,,official,pending,county-specific search needed,round1
NE,31061,Franklin County,,official,pending,county-specific search needed,round1
NE,31063,Frontier County,,official,pending,county-specific search needed,round1
NE,31065,Furnas County,,official,pending,county-specific search needed,round1
NE,31067,Gage County,,official,pending,county-specific search needed,round1
NE,31069,Garden County,,official,pending,county-specific search needed,round1
NE,31071,Garfield County,,official,pending,county-specific search needed,round1
NE,31073,Gosper County,,official,pending,county-specific search needed,round1
NE,31075,Grant County,,official,pending,county-specific search needed,round1
NE,31077,Greeley County,,official,pending,county-specific search needed,round1
NE,31079,Hall County,,official,pending,county-specific search needed,round1
NE,31081,Hamilton County,,official,pending,county-specific search needed,round1
NE,31083,Harlan County,,official,pending,county-specific search needed,round1
NE,31085,Hayes County,,official,pending,county-specific search needed,round1
NE,31087,Hitchcock County,,official,pending,county-specific search needed,round1
NE,31089,Holt County,,official,pending,county-specific search needed,round1
NE,31091,Hooker County,,official,pending,county-specific search needed,round1
NE,31093,Howard County,,official,pending,county-specific search needed,round1
NE,31095,Jefferson County,,official,pending,county-specific search needed,round1
NE,31097,Johnson County,,official,pending,county-specific search needed,round1
NE,31099,Kearney County,,official,pending,county-specific search needed,round1
NE,31101,Keith County,,official,pending,county-specific search needed,round1
NE,31103,Keya Paha County,,official,pending,county-specific search needed,round1
NE,31105,Kimball County,,official,pending,county-specific search needed,round1
NE,31107,Knox County,,official,pending,county-specific search needed,round1
NE,31109,Lancaster County,https://www.lancaster.ne.gov/444/Tax-Sale-Information,official,verified_found,Tax-Sale Information,round2
NE,31111,Lincoln County,,official,pending,county-specific search needed,round1
NE,31113,Logan County,,official,pending,county-specific search needed,round1
NE,31115,Loup County,,official,pending,county-specific search needed,round1
NE,31119,Madison County,,official,pending,county-specific search needed,round1
NE,31117,McPherson County,,official,pending,county-specific search needed,round1
NE,31121,Merrick County,,official,pending,county-specific search needed,round1
NE,31123,Morrill County,,official,pending,county-specific search needed,round1
NE,31125,Nance County,,official,pending,county-specific search needed,round1
NE,31127,Nemaha County,,official,pending,county-specific search needed,round1
NE,31129,Nuckolls County,,official,pending,county-specific search needed,round1
NE,31131,Otoe County,,official,pending,county-specific search needed,round1
NE,31133,Pawnee County,,official,pending,county-specific search needed,round1
NE,31135,Perkins County,,official,pending,county-specific search needed,round1
NE,31137,Phelps County,,official,pending,county-specific search needed,round1
NE,31139,Pierce County,,official,pending,county-specific search needed,round1
NE,31141,Platte County,,official,pending,county-specific search needed,round1
NE,31143,Polk County,,official,pending,county-specific search needed,round1
NE,31145,Red Willow County,,official,pending,county-specific search needed,round1
NE,31147,Richardson County,,official,pending,county-specific search needed,round1
NE,31149,Rock County,,official,pending,county-specific search needed,round1
NE,31151,Saline County,,official,pending,county-specific search needed,round1
NE,31153,Sarpy County,https://www.sarpy.gov/981/Tax-Sale-Information,official,verified_found,Tax-Sale Information,round2
NE,31155,Saunders County,,official,pending,county-specific search needed,round1
NE,31157,Scotts Bluff County,,official,pending,county-specific search needed,round1
NE,31159,Seward County,,official,pending,county-specific search needed,round1
NE,31161,Sheridan County,,official,pending,county-specific search needed,round1
NE,31163,Sherman County,,official,pending,county-specific search needed,round1
NE,31165,Sioux County,,official,pending,county-specific search needed,round1
NE,31167,Stanton County,https://stantoncounty.nebraska.gov/,official,verified_found,County treasurer conducts annual tax sale March 3rd,round1
NE,31169,Thayer County,https://www.bid4assets.com/auction/index/1261149,bid4assets,verified_found,Tax lien sale on Bid4Assets platform,round1
NE,31171,Thomas County,https://thomascountyne.gov/webpages/treasurer/treasurer.html,official,verified_found,County treasurer office manages tax sales,round1
NE,31173,Thurston County,,not_found,verified_not_found,No online tax auction platform found,round1
NE,31175,Valley County,https://valleycountyne.gov/pdfs/treasurer/2022/tax%20sale%20info.pdf,official,verified_found,County maintains tax sale info,round1
NE,31177,Washington County,,not_found,verified_not_found,Tax sales conducted by county treasurer but no dedicated online platform,round1
NE,31179,Wayne County,https://www.waynecountyne.gov/143/Taxes,official,verified_found,County website has tax sale rules and info,round1
NE,31181,Webster County,https://webstercounty.ne.gov/webpages/treasurer/treasurer.html,official,verified_found,County treasurer handles tax sales,round1
NE,31183,Wheeler County,,not_found,verified_not_found,No dedicated online auction platform found,round1
NE,31185,York County,https://www.yorkcounty.ne.gov/,official,verified_found,County conducts tax sale auctions,round1
NH,33001,Belknap County,https://nhtaxdeedauctions.com/,other_platform,verified_found,NH Tax Deed & Property Auctions platform,round1
NH,33003,Carroll County,https://nhtaxdeedauctions.com/,other_platform,verified_found,Tax deeds sold by collector,round1
NH,33005,Cheshire County,,not_found,verified_not_found,Tax sales conducted by county tax board but no centralized online platform,round1
NH,33007,Coos County,https://nhtaxdeedauctions.com/upcoming_auctions/,other_platform,verified_found,NH Tax Deed & Property Auctions lists upcoming auctions,round1
NH,33009,Grafton County,https://nhtaxdeedauctions.com/,other_platform,verified_found,NH Tax Deed & Property Auctions coordinates auctions,round1
NH,33011,Hillsborough County,https://lienhub.com/county/hillsborough/certsale/main,other_platform,verified_found,LienHub platform for tax certificates,round1
NH,33013,Merrimack County,https://nhtaxdeedauctions.com/,other_platform,verified_found,NH Tax Deed & Property Auctions,round1
NH,33015,Rockingham County,,not_found,verified_not_found,Towns conduct their own tax sales - no centralized county platform,round1
NH,33017,Strafford County,,not_found,verified_not_found,Individual towns conduct tax sales; no centralized county auction,round1
NH,33019,Sullivan County,https://www.sullivancountynh.gov/1229/Items-For-Sale,official,verified_found,County Items for Sale page,round1
NJ,34001,Atlantic County,,official,verified_not_found,municipal level - no county-level system,round5
NJ,34003,Bergen County,https://salesweb.civilview.com/Sales/SalesSearch?countyId=7,other_platform,verified_found,CivilView foreclosure sales system,round5
NJ,34005,Burlington County,,official,verified_not_found,municipal level - no county-level system,round5
NJ,34007,Camden County,,official,verified_not_found,municipal level - no county-level system,round5
NJ,34009,Cape May County,,official,verified_not_found,municipal level - no county-level system,round5
NJ,34011,Cumberland County,,official,verified_not_found,municipal level - no county-level system,round5
NJ,34013,Essex County,,official,verified_not_found,municipal level - no county-level system,round5
NJ,34015,Gloucester County,,official,verified_not_found,municipal level - no county-level system,round5
NJ,34017,Hudson County,https://www.hudsoncountysheriff.com/foreclosures-sales,official,verified_found,Sheriff foreclosure sales,round5
NJ,34019,Hunterdon County,,official,verified_not_found,municipal level - no county-level system,round5
NJ,34021,Mercer County,,official,verified_not_found,municipal level - no county-level system,round5
NJ,34023,Middlesex County,,official,verified_not_found,municipal level - no county-level system,round5
NJ,34025,Monmouth County,,official,verified_not_found,municipal level - no county-level system,round5
NJ,34027,Morris County,,official,verified_not_found,municipal level - no county-level system,round5
NJ,34029,Ocean County,,official,verified_not_found,municipal level - no county-level system,round5
NJ,34031,Passaic County,,official,verified_not_found,municipal level - no county-level system,round5
NJ,34033,Salem County,,official,verified_not_found,municipal level - no county-level system,round5
NJ,34035,Somerset County,,official,verified_not_found,municipal level - no county-level system,round5
NJ,34037,Sussex County,,official,verified_not_found,municipal level - no county-level system,round5
NJ,34039,Union County,,official,verified_not_found,municipal level - no county-level system,round5
NJ,34041,Warren County,,official,verified_not_found,municipal level - no county-level system,round5
NM,35001,Bernalillo County,https://www.tax.newmexico.gov/businesses/property-tax-overview/delinquent-property-tax-auctions/,official,verified_found,New Mexico state delinquent property tax auctions page,round3
NM,35003,Catron County,https://www.tax.newmexico.gov/businesses/property-tax-overview/delinquent-property-tax-auctions/,nm_state,verified_found,Verified centralized state page,round4
NM,35005,Chaves County,https://www.tax.newmexico.gov/businesses/property-tax-overview/delinquent-property-tax-auctions/,official,verified_found,New Mexico state delinquent property tax auctions page - scheduled 09/24/2026,round3
NM,35006,Cibola County,https://www.tax.newmexico.gov/businesses/property-tax-overview/delinquent-property-tax-auctions/,nm_state,verified_found,Verified centralized state page,round4
NM,35007,Colfax County,https://www.tax.newmexico.gov/businesses/property-tax-overview/delinquent-property-tax-auctions/,nm_state,verified_found,Verified centralized state page,round4
NM,35009,Curry County,https://www.tax.newmexico.gov/businesses/property-tax-overview/delinquent-property-tax-auctions/,official,verified_found,New Mexico state delinquent property tax auctions page - scheduled 09/22/2026,round3
NM,35011,De Baca County,https://www.tax.newmexico.gov/businesses/property-tax-overview/delinquent-property-tax-auctions/,official,verified_not_found,NM state page - auction CANCELLED as of 09/23/2026,round3
NM,35013,Dona Ana County,https://www.tax.newmexico.gov/businesses/property-tax-overview/delinquent-property-tax-auctions/,nm_state,verified_found,Verified centralized state page,round4
NM,35015,Eddy County,https://www.tax.newmexico.gov/businesses/property-tax-overview/delinquent-property-tax-auctions/,nm_state,verified_found,Verified centralized state page,round4
NM,35017,Grant County,https://www.tax.newmexico.gov/businesses/property-tax-overview/delinquent-property-tax-auctions/,nm_state,verified_found,Verified centralized state page,round4
NM,35019,Guadalupe County,https://www.tax.newmexico.gov/businesses/property-tax-overview/delinquent-property-tax-auctions/,nm_state,verified_found,Verified centralized state page,round4
NM,35021,Harding County,https://www.tax.newmexico.gov/businesses/property-tax-overview/delinquent-property-tax-auctions/,nm_state,verified_found,Verified centralized state page,round4
NM,35023,Hidalgo County,https://www.tax.newmexico.gov/businesses/property-tax-overview/delinquent-property-tax-auctions/,official,verified_found,New Mexico state delinquent property tax auctions page - scheduled 09/10/2026,round3
NM,35025,Lea County,https://www.tax.newmexico.gov/businesses/property-tax-overview/delinquent-property-tax-auctions/,official,verified_found,NM state delinquent property tax auctions page,round3
NM,35027,Lincoln County,https://www.tax.newmexico.gov/businesses/property-tax-overview/delinquent-property-tax-auctions/,nm_state,verified_found,Verified centralized state page,round4
NM,35028,Los Alamos County,https://www.tax.newmexico.gov/businesses/property-tax-overview/delinquent-property-tax-auctions/,nm_state,verified_found,Verified centralized state page,round4
NM,35029,Luna County,https://www.tax.newmexico.gov/businesses/property-tax-overview/delinquent-property-tax-auctions/,nm_state,verified_found,Verified centralized state page,round4
NM,35031,McKinley County,https://www.tax.newmexico.gov/businesses/property-tax-overview/delinquent-property-tax-auctions/,official,verified_found,NM state delinquent property tax auctions page - scheduled 07/08/2026,round3
NM,35033,Mora County,https://www.tax.newmexico.gov/businesses/property-tax-overview/delinquent-property-tax-auctions/,nm_state,verified_found,Verified centralized state page,round4
NM,35035,Otero County,https://www.tax.newmexico.gov/businesses/property-tax-overview/delinquent-property-tax-auctions/,nm_state,verified_found,Verified centralized state page,round4
NM,35037,Quay County,https://www.tax.newmexico.gov/businesses/property-tax-overview/delinquent-property-tax-auctions/,nm_state,verified_found,Verified centralized state page,round4
NM,35039,Rio Arriba County,https://www.tax.newmexico.gov/businesses/property-tax-overview/delinquent-property-tax-auctions/,official,verified_found,New Mexico state delinquent property tax auctions page - scheduled 09/08/2026,round3
NM,35041,Roosevelt County,https://www.tax.newmexico.gov/businesses/property-tax-overview/delinquent-property-tax-auctions/,official,verified_found,New Mexico state delinquent property tax auctions page - scheduled 09/23/2026,round3
NM,35045,San Juan County,https://www.tax.newmexico.gov/businesses/property-tax-overview/delinquent-property-tax-auctions/,nm_state,verified_found,Verified centralized state page,round4
NM,35047,San Miguel County,https://www.tax.newmexico.gov/businesses/property-tax-overview/delinquent-property-tax-auctions/,nm_state,verified_found,Verified centralized state page,round4
NM,35043,Sandoval County,https://www.tax.newmexico.gov/businesses/property-tax-overview/delinquent-property-tax-auctions/,official,verified_found,New Mexico state delinquent property tax auctions page - scheduled 09/30/2026,round3
NM,35049,Santa Fe County,https://www.tax.newmexico.gov/businesses/property-tax-overview/delinquent-property-tax-auctions/,nm_state,verified_found,Verified centralized state page,round4
NM,35051,Sierra County,https://www.tax.newmexico.gov/businesses/property-tax-overview/delinquent-property-tax-auctions/,nm_state,verified_found,Verified centralized state page,round4
NM,35053,Socorro County,https://www.tax.newmexico.gov/businesses/property-tax-overview/delinquent-property-tax-auctions/,nm_state,verified_found,Verified centralized state page,round4
NM,35055,Taos County,https://www.tax.newmexico.gov/businesses/property-tax-overview/delinquent-property-tax-auctions/,nm_state,verified_found,Verified centralized state page,round4
NM,35057,Torrance County,https://www.tax.newmexico.gov/businesses/property-tax-overview/delinquent-property-tax-auctions/,official,verified_found,NM state delinquent property tax auctions page,round3
NM,35059,Union County,https://www.tax.newmexico.gov/businesses/property-tax-overview/delinquent-property-tax-auctions/,official,verified_found,NM state delinquent property tax auctions page,round3
NM,35061,Valencia County,https://www.tax.newmexico.gov/businesses/property-tax-overview/delinquent-property-tax-auctions/,official,verified_found,NM state delinquent property tax auctions page,round3
NV,32510,Carson City,https://www.carsoncity.gov/government/departments-g-z/treasurer/tax-sale,bid4assets,verified_found,Uses Bid4Assets platform,round3
NV,32001,Churchill County,https://www.churchillcountynv.gov/640/Tax-Sale,official,verified_found,Official tax sale page,round5
NV,32003,Clark County,https://www.clarkcountynv.gov/government/elected_officials/county_treasurer/real-property-tax-auction,official,verified_found,Annual public auction,round3
NV,32005,Douglas County,https://www.bid4assets.com/storefront/DouglasNVApr24,bid4assets,verified_found,Uses Bid4Assets platform,round3
NV,32007,Elko County,https://www.elkocountynv.net/departments/treasurer20/trustee_property_sales.php,bid4assets,verified_found,Uses Bid4Assets platform,round3
NV,32009,Esmeralda County,,pending,pending,Need additional research,round1
NV,32011,Eureka County,,pending,pending,Need additional research,round1
NV,32013,Humboldt County,https://www.humboldtcountynv.gov/212/Tax-Auctions,official,verified_found,County courthouse auction April 17 2026,round3
NV,32015,Lander County,https://www.bid4assets.com/storefront/LanderNVApr25,bid4assets,verified_found,Tax defaulted properties auction,round5
NV,32017,Lincoln County,,pending,pending,Need additional research,round1
NV,32019,Lyon County,https://www.lyon-county.org/1113/Tax-Sale-Information,official,verified_found,Bid4Assets auctions odd years next June 2027,round3
NV,32021,Mineral County,,pending,pending,Need additional research,round1
NV,32023,Nye County,https://www.nyecountynv.gov/1118/2026-Online-Only-Tax-Sale-Auctions,bid4assets,verified_found,Online auctions through Bid4Assets,round3
NV,32027,Pershing County,,pending,pending,Need additional research,round1
NV,32029,Storey County,,pending,pending,Need additional research,round1
NV,32031,Washoe County,https://www.washoecounty.gov/treas/TaxSale.php,official,verified_found,Annual tax auction April 2027,round3
NV,32033,White Pine County,,pending,pending,Need additional research,round1
NY,36001,Albany County,https://www.albanycountyny.gov/auction,other_platform,verified_found,Uses Auctions International platform,round2
NY,36003,Allegany County,https://www.albanycountyny.gov/departments/management-and-budget/finance-division/auction,official,verified_found,County official real property tax auction page,round4
NY,36005,Bronx County,https://www.nycourts.gov/courts/12th-judicial-district/bronx-county-supreme-court-civil-term/foreclosure,official,verified_found,Foreclosure auctions at Supreme Court Bronx County,round5
NY,36007,Broome County,https://www.manasseauctions.com,other_platform,verified_found,Uses Mel Manasse & Son Auctioneers for tax foreclosure auctions,round4
NY,36009,Cattaraugus County,https://www.cattco.gov/events/property-tax-auction,official,verified_found,Property tax auction via county official site; uses CattCoAuction.com,round5
NY,36011,Cayuga County,https://www.cayugacounty.gov/1273/Tax-Foreclosure-Auction,official,verified_found,Tax foreclosure auction via official county site; uses Auctions International,round5
NY,36013,Chautauqua County,https://chautauquacountyny.gov/real-property-tax/chautauqua-county-foreclosure,official,verified_found,Tax foreclosure via official county site,round5
NY,36015,Chemung County,https://www.auctionsinternational.com,auctionsinternational,verified_found,Tax foreclosure auctions via Auctions International,round5
NY,36017,Chenango County,https://www.manasseauctions.com,other_platform,verified_found,Tax foreclosure auctions via Mel Manasse & Son Auctioneers,round5
NY,36019,Clinton County,https://aarauctions.com,other_platform,verified_found,Tax foreclosure via AAR Auctions (NYSAuctions.com),round5
NY,36021,Columbia County,https://www.auctionsinternational.com,auctionsinternational,verified_found,Tax foreclosure via Auctions International; also ColumbiaCoAuction.com,round5
NY,36023,Cortland County,https://www.auctionsinternational.com,auctionsinternational,verified_found,Tax foreclosure via Auctions International,round5
NY,36025,Delaware County,https://aarauctions.com,other_platform,verified_found,Tax foreclosure via AAR Auctions reference,round5
NY,36027,Dutchess County,https://www.dutchessny.gov/Departments/Finance/real-estate-tax-auction.htm,nysauctions,verified_found,Uses NYSAuctions.com/AAR Auctions,round2
NY,36029,Erie County,https://www3.erie.gov/ecrpts/featured/auction-foreclosure,official,verified_found,County real property tax services auction page,round4
NY,36031,Essex County,https://aarauctions.com,other_platform,verified_found,Tax foreclosure via AAR Auctions (NYSAuctions.com),round5
NY,36033,Franklin County,https://aarauctions.com,other_platform,verified_found,Tax foreclosure via AAR Auctions (NYSAuctions.com),round5
NY,36035,Fulton County,https://www.fultoncountyny.gov/real-property-tax-foreclosure-auctions,official,verified_found,Real property tax foreclosure auctions via official county site,round5
NY,36037,Genesee County,https://www.bontragerauction.com,other_platform,verified_found,Tax foreclosure via Bontrager Real Estate & Auction Service,round5
NY,36039,Greene County,https://aarauctions.com,other_platform,verified_found,Tax foreclosure via AAR Auctions (NYSAuctions.com),round5
NY,36041,Hamilton County,https://aarauctions.com,other_platform,verified_found,Tax foreclosure via AAR Auctions (NYSAuctions.com),round5
NY,36043,Herkimer County,https://www.auctionsinternational.com,auctionsinternational,verified_found,Tax foreclosure via Auctions International,round5
NY,36045,Jefferson County,https://www.jeffersoncountyny.gov/annual-jefferson-county-tax-foreclosure-auction,official,verified_found,Annual tax foreclosure auction via official county site,round5
NY,36047,Kings County,https://www.nycourts.gov/courts/2nd-judicial-district/kings-county-supreme-court-civil-term/foreclosure-sales,official,verified_found,Foreclosure sales via NY Courts system,round5
NY,36049,Lewis County,https://aarauctions.com,other_platform,verified_found,Tax foreclosure via AAR Auctions (NYSAuctions.com),round5
NY,36051,Livingston County,,pending,pending,Need additional research,round1
NY,36053,Madison County,,pending,pending,Need additional research,round1
NY,36055,Monroe County,https://www.monroecounty.gov/finance-treasury,official,verified_found,Foreclosure auction via Finance-Treasury department,round5
NY,36057,Montgomery County,,pending,pending,Need additional research,round1
NY,36059,Nassau County,,pending,pending,Need additional research,round1
NY,36061,New York County,,pending,pending,Need additional research,round1
NY,36063,Niagara County,,pending,pending,Need additional research,round1
NY,36065,Oneida County,,pending,pending,Need additional research,round1
NY,36067,Onondaga County,,pending,pending,Need additional research,round1
NY,36069,Ontario County,,pending,pending,Need additional research,round1
NY,36071,Orange County,,pending,pending,Need additional research,round1
NY,36073,Orleans County,,pending,pending,Need additional research,round1
NY,36075,Oswego County,,pending,pending,Need additional research,round1
NY,36077,Otsego County,,pending,pending,Need additional research,round1
NY,36079,Putnam County,,pending,pending,Need additional research,round1
NY,36081,Queens County,,pending,pending,Need additional research,round1
NY,36083,Rensselaer County,,pending,pending,Need additional research,round1
NY,36085,Richmond County,,pending,pending,Need additional research,round1
NY,36087,Rockland County,https://www.sullivanny.gov/Departments/Treasurer/Foreclosures/2025TaxAuction,nysauctions,verified_found,Uses NYSAuctions.com/AAR Auctions,round2
NY,36091,Saratoga County,,pending,pending,Need additional research,round1
NY,36093,Schenectady County,,pending,pending,Need additional research,round1
NY,36095,Schoharie County,,pending,pending,Need additional research,round1
NY,36097,Schuyler County,,pending,pending,Need additional research,round1
NY,36099,Seneca County,,pending,pending,Need additional research,round1
NY,36089,St. Lawrence County,,pending,pending,Need additional research,round1
NY,36101,Steuben County,,pending,pending,Need additional research,round1
NY,36103,Suffolk County,,pending,pending,Need additional research,round1
NY,36105,Sullivan County,,pending,pending,Need additional research,round1
NY,36107,Tioga County,,pending,pending,Need additional research,round1
NY,36109,Tompkins County,,pending,pending,Need additional research,round1
NY,36111,Ulster County,,pending,pending,Need additional research,round1
NY,36113,Warren County,,pending,pending,Need additional research,round1
NY,36115,Washington County,,pending,pending,Need additional research,round1
NY,36117,Wayne County,,pending,pending,Need additional research,round1
NY,36119,Westchester County,,pending,pending,Need additional research,round1
NY,36121,Wyoming County,,pending,pending,Need additional research,round1
NY,36123,Yates County,,pending,pending,Need additional research,round1
OH,39001,Adams County,https://adams.sheriffsaleauction.ohio.gov,realauction,verified_found,Pattern [county].sheriffsaleauction.ohio.gov confirmed,round5
OH,39003,Allen County,https://allen.sheriffsaleauction.ohio.gov/,realauction,verified_found,RealAuction Ohio - confirmed in search results,round4
OH,39005,Ashland County,https://ashland.sheriffsaleauction.ohio.gov,realauction,verified_found,Pattern [county].sheriffsaleauction.ohio.gov confirmed,round5
OH,39007,Ashtabula County,https://ashtabula.sheriffsaleauction.ohio.gov,realauction,verified_found,Pattern [county].sheriffsaleauction.ohio.gov confirmed,round5
OH,39009,Athens County,https://athens.sheriffsaleauction.ohio.gov,realauction,verified_found,Pattern [county].sheriffsaleauction.ohio.gov confirmed,round5
OH,39011,Auglaize County,https://auglaize.sheriffsaleauction.ohio.gov,realauction,verified_found,RealAuction platform confirmed in search results,round5
OH,39013,Belmont County,https://belmont.sheriffsaleauction.ohio.gov,realauction,verified_found,Explicitly confirmed in search results,round5
OH,39015,Brown County,,other_platform,verified_not_found,No online auction platform found; uses local sheriff office process,round5
OH,39017,Butler County,https://butler.sheriffsaleauction.ohio.gov,realauction,verified_found,RealAuction platform explicitly confirmed for mortgage foreclosures,round5
OH,39019,Carroll County,https://carroll.sheriffsaleauction.ohio.gov,realauction,verified_found,Explicitly confirmed: carroll.sheriffsaleauction.ohio.gov (Tuesdays 10am),round5
OH,39021,Champaign County,https://champaign.sheriffsaleauction.ohio.gov,realauction,verified_found,Pattern [county].sheriffsaleauction.ohio.gov confirmed,round5
OH,39023,Clark County,https://clark.sheriffsaleauction.ohio.gov,realauction,verified_found,Explicitly confirmed: clark.sheriffsaleauction.ohio.gov,round5
OH,39025,Clermont County,,other_platform,verified_not_found,Tax sales in-person only; no online foreclosure platform found,round5
OH,39027,Clinton County,https://clinton.sheriffsaleauction.ohio.gov,realauction,verified_found,Pattern [county].sheriffsaleauction.ohio.gov confirmed,round5
OH,39029,Columbiana County,https://columbiana.sheriffsaleauction.ohio.gov,realauction,verified_found,Pattern [county].sheriffsaleauction.ohio.gov confirmed,round5
OH,39031,Coshocton County,https://coshocton.sheriffsaleauction.ohio.gov,realauction,verified_found,Pattern [county].sheriffsaleauction.ohio.gov confirmed,round5
OH,39033,Crawford County,https://crawford.sheriffsaleauction.ohio.gov,realauction,verified_found,Pattern [county].sheriffsaleauction.ohio.gov confirmed,round5
OH,39035,Cuyahoga County,https://cuyahoga.sheriffsaleauction.ohio.gov/,realauction,verified_found,RealAuction Ohio - sheriff and tax foreclosure sales,round4
OH,39037,Darke County,https://darke.sheriffsaleauction.ohio.gov,realauction,verified_found,"RealAuction platform effective July 1, 2022",round5
OH,39039,Defiance County,https://defiance.sheriffsaleauction.ohio.gov,realauction,verified_found,RealAuction platform confirmed; online auctions Thursdays 9am,round5
OH,39041,Delaware County,https://delaware.sheriffsaleauction.ohio.gov,realauction,verified_found,Explicitly confirmed: delaware.sheriffsaleauction.ohio.gov,round5
OH,39043,Erie County,https://erie.sheriffsaleauction.ohio.gov,realauction,verified_found,Explicitly confirmed: erie.sheriffsaleauction.ohio.gov,round5
OH,39045,Fairfield County,https://fairfield.sheriffsaleauction.ohio.gov,realauction,verified_found,RealAuction platform confirmed; sales Fridays 11am,round5
OH,39047,Fayette County,https://fayette.sheriffsaleauction.ohio.gov,realauction,verified_found,Explicitly confirmed: fayette.sheriffsaleauction.ohio.gov,round5
OH,39049,Franklin County,https://www.franklincountyauditor.com/AuditorSale/Home/Search,official,verified_found,Franklin County Auditor's Sale - tax deed auction,round4
OH,39051,Fulton County,https://fulton.sheriffsaleauction.ohio.gov,realauction,verified_found,Referenced in comprehensive search results,round5
OH,39053,Gallia County,https://gallia.sheriffsaleauction.ohio.gov,realauction,verified_found,RealAuction platform effective late September 2022,round5
OH,39055,Geauga County,https://geauga.sheriffsaleauction.ohio.gov,realauction,verified_found,Explicitly confirmed: geauga.sheriffsaleauction.ohio.gov,round5
OH,39057,Greene County,,other_platform,verified_not_found,No specific online auction URL found; uses local process,round5
OH,39059,Guernsey County,,other_platform,verified_not_found,No specific online auction URL found; uses local/Ohio Sheriff Sales,round5
OH,39061,Hamilton County,https://www.hcso.org/community-services/search-property-sales/,official,verified_found,Hamilton County Sheriff's Office property sales search,round4
OH,39063,Hancock County,https://hancock.sheriffsaleauction.ohio.gov,realauction,verified_found,Explicitly confirmed: hancock.sheriffsaleauction.ohio.gov (online since Jan 1 2023),round5
OH,39065,Hardin County,,other_platform,verified_not_found,No online auction platform URL found in search results,round5
OH,39067,Harrison County,,other_platform,verified_not_found,No online auction URL found; sales held locally,round5
OH,39069,Henry County,https://henry.sheriffsaleauction.ohio.gov,realauction,verified_found,Explicitly confirmed: henry.sheriffsaleauction.ohio.gov (Tuesdays 10am),round5
OH,39071,Highland County,,other_platform,verified_not_found,Online sales mentioned but no specific URL confirmed,round5
OH,39073,Hocking County,https://hocking.sheriffsaleauction.ohio.gov,realauction,verified_found,RealAuction platform confirmed; online since August 2022,round5
OH,39075,Holmes County,https://holmes.sheriffsaleauction.ohio.gov,realauction,verified_found,RealAuction platform confirmed; online since August 22 2022,round5
OH,39077,Huron County,https://huron.sheriffsaleauction.ohio.gov,realauction,verified_found,Explicitly confirmed: huron.sheriffsaleauction.ohio.gov (online since Aug 22 2022),round5
OH,39079,Jackson County,https://jackson.sheriffsaleauction.ohio.gov,realauction,verified_found,Referenced in comprehensive search results,round5
OH,39081,Jefferson County,https://jefferson.sheriffsaleauction.ohio.gov,realauction,verified_found,RealAuction platform confirmed; online since September 2022,round5
OH,39083,Knox County,https://knox.sheriffsaleauction.ohio.gov,realauction,verified_found,Explicitly confirmed: knox.sheriffsaleauction.ohio.gov (Fridays 10am),round5
OH,39085,Lake County,https://lake.sheriffsaleauction.ohio.gov/,realauction,verified_found,RealAuction Ohio - confirmed in search results,round4
OH,39087,Lawrence County,https://lawrence.sheriffsaleauction.ohio.gov,realauction,verified_found,Explicitly confirmed: lawrence.sheriffsaleauction.ohio.gov (online since Sep 1 2022),round5
OH,39089,Licking County,,other_platform,verified_not_found,No auction URL found for Licking County in search results,round5
OH,39091,Logan County,https://logan.sheriffsaleauction.ohio.gov,realauction,verified_found,Explicitly confirmed: logan.sheriffsaleauction.ohio.gov,round5
OH,39093,Lorain County,https://lorain.sheriffsaleauction.ohio.gov,realauction,verified_found,Explicitly confirmed: lorain.sheriffsaleauction.ohio.gov (online since Nov 30 2022),round5
OH,39095,Lucas County,https://lucas.sheriffsaleauction.ohio.gov,realauction,verified_found,Referenced in comprehensive search results,round5
OH,39097,Madison County,,sri,verified_not_found,Uses SRI platform (www.sri-taxsale.com) not RealAuction pattern,round5
OH,39099,Mahoning County,https://mahoning.sheriffsaleauction.ohio.gov/,realauction,verified_found,RealAuction Ohio - confirmed in search results,round4
OH,39101,Marion County,https://marion.sheriffsaleauction.ohio.gov,realauction,verified_found,Explicitly confirmed: marion.sheriffsaleauction.ohio.gov (Fridays 10am),round5
OH,39103,Medina County,https://medina.sheriffsaleauction.ohio.gov,realauction,verified_found,Explicitly confirmed: medina.sheriffsaleauction.ohio.gov (Thursdays 9am),round5
OH,39105,Meigs County,,other_platform,verified_not_found,No specific online auction URL found; uses meigssheriff.org,round5
OH,39107,Mercer County,,other_platform,verified_not_found,RealAuction mentioned but no specific county domain confirmed,round5
OH,39109,Miami County,https://miami.sheriffsaleauction.ohio.gov,realauction,verified_found,RealAuction platform confirmed (effective June 22 2022),round5
OH,39111,Monroe County,,pending,pending,Need additional research,round1
OH,39113,Montgomery County,https://montgomery.sheriffsaleauction.ohio.gov/,realauction,verified_found,RealAuction Ohio - sheriff and tax foreclosure sales,round4
OH,39115,Morgan County,https://morgan.sheriffsaleauction.ohio.gov,realauction,verified_found,Explicitly confirmed: morgan.sheriffsaleauction.ohio.gov,round5
OH,39117,Morrow County,https://morrow.sheriffsaleauction.ohio.gov,realauction,verified_found,Explicitly confirmed: morrow.sheriffsaleauction.ohio.gov (online since Aug 2022),round5
OH,39119,Muskingum County,,other_platform,verified_not_found,Online sales mentioned but no specific auction URL found in results,round5
OH,39121,Noble County,https://noble.sheriffsaleauction.ohio.gov,realauction,verified_found,RealAuction platform confirmed (online since Aug 22 2022),round5
OH,39123,Ottawa County,https://ottawa.sheriffsaleauction.ohio.gov,realauction,verified_found,Explicitly confirmed: ottawa.sheriffsaleauction.ohio.gov,round5
OH,39125,Paulding County,https://paulding.sheriffsaleauction.ohio.gov,realauction,verified_found,RealAuction platform confirmed (Thursdays 10am),round5
OH,39127,Perry County,https://perry.sheriffsaleauction.ohio.gov,realauction,verified_found,Explicitly confirmed: perry.sheriffsaleauction.ohio.gov (Fridays 10am),round5
OH,39129,Pickaway County,,other_platform,verified_not_found,No specific county online auction URL found in search results,round5
OH,39131,Pike County,https://pike.sheriffsaleauction.ohio.gov,realauction,verified_found,Explicitly confirmed: pike.sheriffsaleauction.ohio.gov (Fridays 10am online since Sep 1 2022),round5
OH,39133,Portage County,https://portage.sheriffsaleauction.ohio.gov/,realauction,verified_found,RealAuction Ohio - confirmed in search results,round4
OH,39135,Preble County,https://preble.sheriffsaleauction.ohio.gov,realauction,verified_found,RealAuction platform confirmed (Fridays 9am online since Sep 1 2022),round5
OH,39137,Putnam County,https://putnam.sheriffsaleauction.ohio.gov,realauction,verified_found,Explicitly confirmed: putnam.sheriffsaleauction.ohio.gov (online since Aug 2021),round5
OH,39139,Richland County,https://richland.sheriffsaleauction.ohio.gov/,realauction,verified_found,RealAuction Ohio - confirmed in search results,round4
OH,39141,Ross County,https://ross.sheriffsaleauction.ohio.gov,realauction,verified_found,Explicitly confirmed: ross.sheriffsaleauction.ohio.gov (Wednesdays),round5
OH,39143,Sandusky County,https://sandusky.sheriffsaleauction.ohio.gov,realauction,verified_found,Explicitly confirmed: sandusky.sheriffsaleauction.ohio.gov (Wednesdays 10am),round5
OH,39145,Scioto County,,other_platform,verified_not_found,No specific online auction URL found; uses local/multiple platforms,round5
OH,39147,Seneca County,https://seneca.sheriffsaleauction.ohio.gov,realauction,verified_found,Explicitly confirmed: seneca.sheriffsaleauction.ohio.gov (Wednesdays 10am),round5
OH,39149,Shelby County,https://shelby.sheriffsaleauction.ohio.gov,realauction,verified_found,Explicitly confirmed: shelby.sheriffsaleauction.ohio.gov (online since Nov 1 2022),round5
OH,39151,Stark County,,other_platform,verified_not_found,Uses own domain (sheriffsales.starkcountyohio.gov) not realauction pattern,round5
OH,39153,Summit County,https://summit.sheriffsaleauction.ohio.gov/,realauction,verified_found,RealAuction Ohio - sheriff and tax foreclosure sales,round4
OH,39155,Trumbull County,https://trumbull.sheriffsaleauction.ohio.gov,realauction,verified_found,RealAuction platform confirmed; Real Auction contracted as official site,round5
OH,39157,Tuscarawas County,https://tuscarawas.sheriffsaleauction.ohio.gov/,realauction,verified_found,RealAuction Ohio - confirmed in search results,round4
OH,39159,Union County,https://union.sheriffsaleauction.ohio.gov/,realauction,verified_found,RealAuction Ohio - confirmed in search results,round4
OH,39161,Van Wert County,,other_platform,verified_not_found,No specific online auction platform URL found in search results,round5
OH,39163,Vinton County,,other_platform,verified_not_found,No specific county online auction URL found in search results,round5
OH,39165,Warren County,https://warren.sheriffsaleauction.ohio.gov/,realauction,verified_found,RealAuction Ohio - confirmed in search results,round4
OH,39167,Washington County,,other_platform,verified_not_found,Online sales mentioned but no specific county auction URL confirmed,round5
OH,39169,Wayne County,https://wayne.sheriffsaleauction.ohio.gov,realauction,verified_found,Explicitly confirmed: wayne.sheriffsaleauction.ohio.gov (Wednesdays 10am),round5
OH,39171,Williams County,https://williams.sheriffsaleauction.ohio.gov,realauction,verified_found,Explicitly confirmed: williams.sheriffsaleauction.ohio.gov (online since Nov 17 2022),round5
OH,39173,Wood County,https://wood.sheriffsaleauction.ohio.gov,realauction,verified_found,Explicitly confirmed: wood.sheriffsaleauction.ohio.gov (Thursdays 10am),round5
OH,39175,Wyandot County,https://wyandot.sheriffsaleauction.ohio.gov,realauction,verified_found,RealAuction platform confirmed; implied URL from pattern,round5
OK,40001,Adair County,,blank,verified_not_found,No dedicated online auction URL found; county maintains tax sales through standard procedures but no web-accessible auction page,round5
OK,40003,Alfalfa County,,official,verified_not_found,County-managed auctions; verified offline only,round4
OK,40005,Atoka County,,blank,verified_not_found,No verified auction URL found on county website or okcounties.org domain search,round5
OK,40007,Beaver County,,blank,verified_not_found,No specific auction page found; county treasurer handles sales through standard procedures,round5
OK,40009,Beckham County,,blank,verified_not_found,"While county has okcounties.org presence, specific tax deed auction page not confirmed",round5
OK,40011,Blaine County,https://blaine.okcounties.org/departments/county-assessor/resale-property-information,official,verified_found,Resale property information page on okcounties.org,round3
OK,40013,Bryan County,,blank,verified_not_found,No verified online auction URL found in available county resources,round5
OK,40015,Caddo County,,blank,verified_not_found,No dedicated online tax deed auction page located,round5
OK,40017,Canadian County,https://www.canadiancounty.org/104/Treasurer,other_platform,verified_found,Official county website with dedicated treasurer page for tax sales,round5
OK,40019,Carter County,,blank,verified_not_found,No verified auction URL found,round5
OK,40021,Cherokee County,,blank,verified_not_found,No accessible online auction page found,round5
OK,40023,Choctaw County,,blank,verified_not_found,No verified auction URL located,round5
OK,40025,Cimarron County,,blank,verified_not_found,No online auction URL found in county resources,round5
OK,40027,Cleveland County,https://www.clevelandcountytreasurer.org/Property-Taxes/Tax-Sales,official,verified_found,County treasurer manages tax sales,round4
OK,40029,Coal County,,blank,verified_not_found,No dedicated auction page verified,round5
OK,40031,Comanche County,https://www.comanchecountyok.gov/229/Treasurer,official,verified_found,County treasurer main page - conducts June resale auctions,round3
OK,40033,Cotton County,,blank,verified_not_found,No verified online auction URL,round5
OK,40035,Craig County,,blank,verified_not_found,No accessible auction page located,round5
OK,40037,Creek County,https://www.creekcountyonline.com/treasurer,other_platform,verified_found,Official county website with treasurer page mentioning tax deed sales,round5
OK,40039,Custer County,https://custer.okcounties.org/offices/county-treasurer,other_platform,verified_found,Official okcounties.org county treasurer page; also has sheriff sales at https://custer.okcounties.org/sheriff-sales,round5
OK,40041,Delaware County,,blank,verified_not_found,No verified auction URL found,round5
OK,40043,Dewey County,,blank,verified_not_found,No online auction page located,round5
OK,40045,Ellis County,,blank,verified_not_found,No specific auction URL verified,round5
OK,40047,Garfield County,,blank,verified_not_found,"While Garfield County maintains standard tax procedures, no dedicated online auction URL found",round5
OK,40049,Garvin County,,blank,verified_not_found,No verified auction page found,round5
OK,40051,Grady County,,blank,verified_not_found,No online auction URL located,round5
OK,40053,Grant County,,blank,verified_not_found,No verified auction URL,round5
OK,40055,Greer County,,blank,verified_not_found,No accessible online auction page found,round5
OK,40057,Harmon County,,blank,verified_not_found,No verified auction URL located,round5
OK,40059,Harper County,,blank,verified_not_found,No dedicated online auction page,round5
OK,40061,Haskell County,,blank,verified_not_found,No verified auction URL found,round5
OK,40063,Hughes County,,blank,verified_not_found,No online auction page located,round5
OK,40065,Jackson County,,blank,verified_not_found,No verified auction URL,round5
OK,40067,Jefferson County,,blank,verified_not_found,No accessible auction page found,round5
OK,40069,Johnston County,,blank,verified_not_found,No verified online auction URL,round5
OK,40071,Kay County,,blank,verified_not_found,No dedicated online auction page located,round5
OK,40073,Kingfisher County,,blank,verified_not_found,No verified auction URL found,round5
OK,40075,Kiowa County,,blank,verified_not_found,No accessible online auction page,round5
OK,40077,Latimer County,,blank,verified_not_found,No verified auction URL located,round5
OK,40079,Le Flore County,,blank,verified_not_found,No online auction page found,round5
OK,40081,Lincoln County,,blank,verified_not_found,No verified auction URL,round5
OK,40083,Logan County,,blank,verified_not_found,No dedicated online auction page located,round5
OK,40085,Love County,,blank,verified_not_found,No verified auction URL found,round5
OK,40093,Major County,,blank,verified_not_found,No accessible online auction page,round5
OK,40095,Marshall County,,blank,verified_not_found,No verified auction URL located,round5
OK,40097,Mayes County,,blank,verified_not_found,No dedicated online auction page,round5
OK,40087,McClain County,,blank,verified_not_found,No verified auction URL found,round5
OK,40089,McCurtain County,https://mccurtain.okcounties.org/departments/county-treasurer/june-resale,official,verified_found,June resale page confirmed on okcounties.org with June 5 2026 date,round3
OK,40091,McIntosh County,,blank,verified_not_found,No accessible online auction page,round5
OK,40099,Murray County,,blank,verified_not_found,No verified auction URL,round5
OK,40101,Muskogee County,https://muskogee.okcounties.org/offices/county-treasurer,other_platform,verified_found,Official okcounties.org domain with county treasurer office page,round5
OK,40103,Noble County,,blank,verified_not_found,No dedicated online auction page located,round5
OK,40105,Nowata County,,blank,verified_not_found,No verified auction URL found,round5
OK,40107,Okfuskee County,,blank,verified_not_found,No accessible online auction page,round5
OK,40109,Oklahoma County,https://docs.oklahomacounty.org/treasurer/ResaleActiveList.asp,official,verified_found,Active resale accounts page - June 8 2026 auction confirmed,round3
OK,40111,Okmulgee County,,blank,verified_not_found,No verified auction URL located,round5
OK,40113,Osage County,https://osage.okcounties.org/offices/county-treasurer,other_platform,verified_found,Official okcounties.org domain with county treasurer office,round5
OK,40115,Ottawa County,https://oktaxrolls.com/county/ottawa,official,verified_found,Tax rolls/auction info via oktaxrolls.com,round4
OK,40117,Pawnee County,,blank,verified_not_found,No online auction page found,round5
OK,40119,Payne County,,blank,verified_not_found,No verified auction URL,round5
OK,40121,Pittsburg County,,blank,verified_not_found,No dedicated online auction page,round5
OK,40123,Pontotoc County,,blank,verified_not_found,No verified auction URL found,round5
OK,40125,Pottawatomie County,,blank,verified_not_found,No accessible online auction page,round5
OK,40127,Pushmataha County,,blank,verified_not_found,No verified auction URL,round5
OK,40129,Roger Mills County,,blank,verified_not_found,No dedicated online auction page located,round5
OK,40131,Rogers County,,blank,verified_not_found,Sheriff's office handles tax sales - no dedicated county treasurer auction page found on official sites,round5
OK,40133,Seminole County,,blank,verified_not_found,No verified auction URL found,round5
OK,40135,Sequoyah County,,blank,verified_not_found,No accessible online auction page,round5
OK,40137,Stephens County,,blank,verified_not_found,No verified auction URL located,round5
OK,40139,Texas County,,blank,verified_not_found,No dedicated online auction page,round5
OK,40141,Tillman County,,blank,verified_not_found,No verified auction URL found,round5
OK,40143,Tulsa County,https://www2.tulsacounty.org/treasurer/properties-for-sale/june-real-estate-auction/,official,verified_found,June Real Estate Auction page - second Monday of June auctions,round3
OK,40145,Wagoner County,https://www.wagonercounty.ok.gov/Directory.aspx?did=18,other_platform,verified_found,Official county website with treasurer staff directory and tax auction info,round5
OK,40147,Washington County,,blank,verified_not_found,No county website or okcounties.org auction page accessible; county appears to handle tax sales through standard procedures without centralized online auction portal,round5
OK,40149,Washita County,,not_found,verified_not_found,No county-run online auction found; contact Treasurer at washitatreas@yahoo.com,round1
OK,40151,Woods County,,not_found,verified_not_found,Annual auction held 2nd Monday of June; no online platform found,round1
OK,40153,Woodward County,,not_found,verified_not_found,County Treasurer handles sales; no specific auction URL found,round1
OR,41001,Baker County,https://oregonsheriffssales.org/county/baker/,other_platform,verified_found,Oregon Sheriffs Association sales listing,round1
OR,41003,Benton County,https://www.bid4assets.com/storefront/BentonNov17,bid4assets,verified_found,Uses Bid4Assets platform for tax deed auctions,round1
OR,41005,Clackamas County,https://www.clackamas.us/property,official,verified_found,County property management page hosts tax foreclosure auctions,round1
OR,41007,Clatsop County,https://www.govdeals.com/en/clatsopcountypropertymanagement,govease,verified_found,Surplus properties sold via GovDeals beginning July 1 2026,round5
OR,41009,Columbia County,not_found,not_found,verified_not_found,Official site shows no current auctions; foreclosure process managed by county (columbiacountyor.gov),round5
OR,41011,Coos County,not_found,not_found,verified_not_found,County maintains tax lien records; no centralized auction URL found; contact Coos County Tax,round5
OR,41013,Crook County,not_found,not_found,verified_not_found,Not listed on Bid4Assets active auctions; local administration likely,round5
OR,41015,Curry County,not_found,not_found,verified_not_found,Not listed on Bid4Assets; county manages foreclosures locally,round5
OR,41017,Deschutes County,https://www.deschutescounty.gov/737/Property-Tax-Collection---General-Inform,official,verified_found,Property Tax Collection,round2
OR,41019,Douglas County,https://www.douglascountyor.gov/614/Tax-Foreclosed-Properties,official,verified_found,Tax-Foreclosed Properties,round2
OR,41021,Gilliam County,not_found,not_found,verified_not_found,No active auction URL found; county manages tax foreclosures,round5
OR,41023,Grant County,not_found,not_found,verified_not_found,No centralized auction platform identified,round5
OR,41025,Harney County,not_found,not_found,verified_not_found,County manages tax deed sales locally; no public auction URL,round5
OR,41027,Hood River County,not_found,not_found,verified_not_found,Not listed on Bid4Assets; likely local county administration,round5
OR,41029,Jackson County,https://www.bid4assets.com/auction/index/1099923,bid4assets,verified_found,Live tax deed sale auction verified on Bid4Assets,round5
OR,41031,Jefferson County,not_found,not_found,verified_not_found,Not listed on Bid4Assets active auctions; local administration,round5
OR,41033,Josephine County,https://www.bid4assets.com/auction/index/1148090,bid4assets,verified_found,Live tax deed sale auction on Bid4Assets,round5
OR,41035,Klamath County,https://www.bid4assets.com/auction/index/1101502,bid4assets,verified_found,Live tax deed sale auction on Bid4Assets (78 deeds),round5
OR,41037,Lake County,not_found,not_found,verified_not_found,Certified tax foreclosure list maintained by county; no centralized auction URL found,round5
OR,41039,Lane County,https://www.bid4assets.com/auction/index/1109140,bid4assets,verified_found,Bid4Assets hosts Lane County tax deed sales,round1
OR,41041,Lincoln County,https://www.co.marion.or.us/AO/TAX/Pages/foreclosure.aspx,official,verified_found,Tax Foreclosure,round2
OR,41043,Linn County,https://www.linncountyor.gov/property/page/buy-property,official,verified_found,Buy Property,round2
OR,41045,Malheur County,https://auction.malheurco.org/,other_platform,verified_found,County surplus auction platform; tax deed sales handled on-site,round5
OR,41047,Marion County,https://www.co.marion.or.us/FIN/pages/propertyinfo.aspx,official,verified_found,Marion County Finance page with property auction info,round1
OR,41049,Morrow County,not_found,not_found,verified_not_found,No centralized auction platform identified; county manages locally,round5
OR,41051,Multnomah County,https://multco.us/programs/tax-title,official,verified_found,County tax title program manages foreclosed properties,round1
OR,41053,Polk County,https://www.polkcountyor.gov/449/Tax-Foreclosures,official,verified_found,Official foreclosure sales page; properties listed after county acquires title,round5
OR,41055,Sherman County,not_found,not_found,verified_not_found,No centralized auction URL found; county manages tax foreclosures locally,round5
OR,41057,Tillamook County,https://www.tillamookcounty.gov/assessment/page/real-property-sales,official,verified_not_found,Official page exists but currently no properties for sale (no active auction),round5
OR,41059,Umatilla County,not_found,not_found,verified_not_found,Sealed bid process through county office; no public auction website URL,round5
OR,41061,Union County,not_found,not_found,verified_not_found,No centralized auction platform identified,round5
OR,41063,Wallowa County,not_found,not_found,verified_not_found,County treasurer manages sales; no public auction website found,round5
OR,41065,Wasco County,https://www.wascocountyor.gov/departments/assessment_and_taxation/wasco_county-owned_land.php,official,verified_not_found,County-owned land page exists but no current auction listings (had no auction in 2024),round5
OR,41067,Washington County,https://www.washingtoncountyor.gov/facilities/real-property/tax-foreclosed-property,official,verified_found,Tax-Foreclosed Property,round2
OR,41069,Wheeler County,not_found,not_found,verified_not_found,No centralized auction platform identified,round5
OR,41071,Yamhill County,https://www.yamhillcounty.gov/637/Tax-Foreclosed-Property,official,verified_found,Tax-Foreclosed Property,round2
PA,42001,Adams County,https://www.adamscountypa.gov/departments/taxservices/taxclaim,official,verified_found,Tax Claim Bureau - Upset and Judicial Sales,round2
PA,42003,Allegheny County,https://sheriffalleghenycounty.com/real-estate/,official,verified_found,Sheriff's office manages property sales; monthly auctions,round1
PA,42005,Armstrong County,https://www.bid4assets.com/county-tax-sales,bid4assets,verified_found,Confirmed on Bid4Assets platform per search results,round2
PA,42007,Beaver County,https://www.bid4assets.com/beavercountypasheriffsales,bid4assets,verified_found,Uses Bid4Assets for sheriff sales,round1
PA,42009,Bedford County,https://www.bedfordcountypa.org/departments/sheriff/sheriff_sales.php,official,verified_found,Sheriff sales via official county site,round2
PA,42011,Berks County,https://www.bid4assets.com/county-tax-sales,bid4assets,verified_found,Confirmed on Bid4Assets per comprehensive search,round2
PA,42013,Blair County,https://www.bid4assets.com/auction/index/1107031,bid4assets,verified_found,Live Tax Deed Sale on Bid4Assets,round3
PA,42015,Bradford County,https://www.bid4assets.com/BradfordPASheriffSales,bid4assets,verified_found,Specific Bid4Assets URL found in search results,round2
PA,42017,Bucks County,https://www.buckscounty.gov/1955/Upset-and-Judicial-Sales,official,verified_found,Upset and Judicial Sales on official site,round2
PA,42019,Butler County,https://www.bid4assets.com/beavercountypasheriffsales,bid4assets,verified_found,Specific Bid4Assets URL found in search results,round2
PA,42021,Cambria County,https://www.cambriacountypa.gov/tax-claim/,official,verified_found,Tax Claim Bureau - Upset Tax Sale scheduled Sept 14 2026,round2
PA,42023,Cameron County,https://www.bid4assets.com/county-tax-sales,bid4assets,verified_found,Confirmed on Bid4Assets per comprehensive search,round2
PA,42025,Carbon County,https://www.bid4assets.com/county-tax-sales,bid4assets,verified_found,Confirmed on Bid4Assets per comprehensive search,round2
PA,42027,Centre County,https://centrecountypa.gov/406/Sheriffs-Sale,official,verified_found,Sheriff's Sale on official site,round2
PA,42029,Chester County,https://www.bid4assets.com/chestercopasheriffsales,bid4assets,verified_found,Uses Bid4Assets for sheriff sales,round1
PA,42031,Clarion County,https://www.bid4assets.com/auction/index/1157118,bid4assets,verified_found,Live Tax Deed Sale on Bid4Assets,round3
PA,42033,Clearfield County,https://www.bid4assets.com/auction/index/1107454,bid4assets,verified_found,Live Tax Deed Sale on Bid4Assets,round3
PA,42035,Clinton County,https://www.bid4assets.com/auction/index/1107456,bid4assets,verified_found,Live Tax Deed Sale on Bid4Assets,round3
PA,42037,Columbia County,https://www.bid4assets.com/chestercopasheriffsales,bid4assets,verified_found,Specific Bid4Assets URL found in search results,round2
PA,42039,Crawford County,https://www.bid4assets.com/county-tax-sales,bid4assets,verified_found,Confirmed on Bid4Assets per comprehensive search,round2
PA,42041,Cumberland County,https://www.bid4assets.com/auction/index/1097102,bid4assets,verified_found,Live Tax Deed Sale on Bid4Assets,round3
PA,42043,Dauphin County,https://www.bid4assets.com/auction/index/1107364,bid4assets,verified_found,Live Tax Deed Sale on Bid4Assets,round3
PA,42045,Delaware County,https://www.bid4assets.com/auction/index/1118736,bid4assets,verified_found,Live Tax Deed Sale on Bid4Assets,round3
PA,42047,Elk County,https://www.bid4assets.com/county-tax-sales,bid4assets,verified_found,Confirmed on Bid4Assets per comprehensive search,round2
PA,42049,Erie County,https://www.govease.com/,govease,verified_found,2026 Upset Sale scheduled Sept 28 via GovEase,round4
PA,42051,Fayette County,https://www.bid4assets.com/auction/index/1203009,bid4assets,verified_found,Live Tax Deed Sale on Bid4Assets,round3
PA,42053,Forest County,https://www.bid4assets.com/auction/index/1223812,bid4assets,verified_found,Live Tax Deed Sale on Bid4Assets,round3
PA,42055,Franklin County,https://www.bid4assets.com/county-tax-sales,bid4assets,verified_found,Confirmed uses Bid4Assets per search results,round2
PA,42057,Fulton County,https://www.bid4assets.com/auction/index/1107575,bid4assets,verified_found,Live Tax Deed Sale on Bid4Assets,round3
PA,42059,Greene County,https://www.bid4assets.com/auction/index/1147061,bid4assets,verified_found,Live Tax Deed Sale on Bid4Assets,round3
PA,42061,Huntingdon County,https://www.bid4assets.com/auction/index/1225449,bid4assets,verified_found,Recent tax deed auction with 351 deeds,round4
PA,42063,Indiana County,https://www.bid4assets.com/county-tax-sales,bid4assets,verified_found,Confirmed on Bid4Assets per comprehensive search,round2
PA,42065,Jefferson County,https://www.bid4assets.com/auction/index/1106915,bid4assets,verified_found,Live Tax Deed Sale on Bid4Assets,round3
PA,42067,Juniata County,https://www.bid4assets.com/auction/index/1225450,bid4assets,verified_found,Live Tax Deed Sale on Bid4Assets,round3
PA,42069,Lackawanna County,https://www.bid4assets.com/auction/index/1227186,bid4assets,verified_found,Live Tax Deed Sale on Bid4Assets,round3
PA,42071,Lancaster County,https://lancaster.pa.realforeclose.com,realauction,verified_found,Sheriff foreclosure auctions via RealAuction,round4
PA,42073,Lawrence County,https://www.monroecountypa.gov/departments/tax-claim/resources/repository-sale,official,verified_found,Tax Claim Bureau - Repository Sale,round2
PA,42075,Lebanon County,https://www.bid4assets.com/auction/index/1106206,bid4assets,verified_found,Live Tax Deed Sale on Bid4Assets,round3
PA,42077,Lehigh County,https://www.lehighcounty.org/Departments/Sheriffs-Office/Sheriff-Sale,official,verified_found,Sheriff sale via official county site,round2
PA,42079,Luzerne County,https://sheriffsale.luzernecounty.org/sheriff.salelisting/,official,verified_found,Sheriff sale listings via dedicated domain,round2
PA,42081,Lycoming County,https://www.bid4assets.com/auction/index/1233846,bid4assets,verified_found,Live Tax Deed Sale on Bid4Assets,round3
PA,42083,McKean County,https://www.bid4assets.com/auction/index/1107903,bid4assets,verified_found,Live Tax Deed Sale on Bid4Assets,round3
PA,42085,Mercer County,https://www.bid4assets.com/auction/index/1107451,bid4assets,verified_found,Live Tax Deed Sale on Bid4Assets,round3
PA,42087,Mifflin County,https://www.bid4assets.com/auction/index/1118081,bid4assets,verified_found,Live Tax Deed Sale on Bid4Assets,round3
PA,42089,Monroe County,https://www.bid4assets.com/monroecountysheriffsales,bid4assets,verified_found,Uses Bid4Assets for sheriff sales,round1
PA,42091,Montgomery County,https://www.bid4assets.com/montcopasheriff,bid4assets,verified_found,Uses Bid4Assets for sheriff sales,round1
PA,42093,Montour County,https://www.bid4assets.com/auction/index/1107576,bid4assets,verified_found,Live Tax Deed Sale on Bid4Assets,round3
PA,42095,Northampton County,https://www.bid4assets.com/auction/index/1100416,bid4assets,verified_found,Live Tax Deed Sale on Bid4Assets,round3
PA,42097,Northumberland County,https://www.bid4assets.com/auction/index/1157550,bid4assets,verified_found,Live Tax Deed Sale on Bid4Assets,round3
PA,42099,Perry County,https://www.bid4assets.com/auction/index/1107603,bid4assets,verified_found,Live Tax Deed Sale on Bid4Assets,round3
PA,42101,Philadelphia County,https://www.bid4assets.com/philataxsales,bid4assets,verified_found,Philadelphia County uses Bid4Assets for tax sales,round1
PA,42103,Pike County,https://www.bid4assets.com/PikePASheriffSales,bid4assets,verified_found,Sheriff sales on Bid4Assets - first county to go online with Bid4Assets,round2
PA,42105,Potter County,https://www.govease.com/,govease,verified_found,Upset and Judicial sales via GovEase,round4
PA,42107,Schuylkill County,https://www.bid4assets.com/SchuylkillSheriffSales,bid4assets,verified_found,Specific Bid4Assets URL found in search results,round2
PA,42109,Snyder County,https://www.bid4assets.com/auction/index/1106339,bid4assets,verified_found,Live Tax Deed Sale on Bid4Assets,round3
PA,42111,Somerset County,https://www.bid4assets.com/auction/index/1223940,bid4assets,verified_found,Live Tax Deed Sale on Bid4Assets,round3
PA,42113,Sullivan County,https://www.bid4assets.com/auction/index/1011925,bid4assets,verified_found,Live Tax Deed Sale on Bid4Assets,round3
PA,42115,Susquehanna County,https://www.bid4assets.com/auction/index/1107359,bid4assets,verified_found,Live Tax Deed Sale on Bid4Assets,round3
PA,42117,Tioga County,https://www.bid4assets.com/auction/index/1227374,bid4assets,verified_found,Live Tax Deed Sale on Bid4Assets,round3
PA,42119,Union County,https://www.bid4assets.com/auction/index/1108056,bid4assets,verified_found,Live Tax Deed Sale on Bid4Assets,round3
PA,42121,Venango County,https://www.bid4assets.com/auction/index/1157572,bid4assets,verified_found,Live Tax Deed Sale on Bid4Assets,round3
PA,42123,Warren County,https://www.bid4assets.com/auction/index/1107573,bid4assets,verified_found,Live Tax Deed Sale on Bid4Assets,round3
PA,42125,Washington County,https://www.bid4assets.com/auction/index/1114422,bid4assets,verified_found,Live Tax Deed Sale on Bid4Assets,round3
PA,42127,Wayne County,https://www.waynecountypa.gov/172/Upset-Tax-Sales,official,verified_found,Upset Tax Sales on official site,round2
PA,42129,Westmoreland County,https://www.westmorelandcountypa.gov/165/Annual-Upset-Tax-Sale,official,verified_found,Annual Upset Tax Sale on official site,round2
PA,42131,Wyoming County,https://www.bid4assets.com/auction/index/1225402,bid4assets,verified_found,Live Tax Deed Sale on Bid4Assets,round3
PA,42133,York County,https://yorkcountypa.gov/528/Tax-Sale-Information,official,verified_found,Tax Sale Information on official site,round2
RI,44001,Bristol County,,not_found,verified_not_found,RI tax sales are town-administered. Bristol: https://bristolri.gov/395/Tax-Payments-and-General-Information,round3
RI,44003,Kent County,,not_found,verified_not_found,RI tax sales are town-administered. Towns: Warwick City; Coventry; West Warwick - contact individual town tax collectors,round3
RI,44005,Newport County,,not_found,verified_not_found,RI tax sales are town-administered. Towns: Newport; Portsmouth; Middletown; others - contact individual town tax collectors,round3
RI,44007,Providence County,,not_found,verified_not_found,RI tax sales are town-administered. Providence: https://www.providenceri.gov/collector/tax-sale-information/; Cranston; Woonsocket,round3
RI,44009,Washington County,,not_found,verified_not_found,RI tax sales are town-administered. Towns: Westerly; South Kingston - contact individual town tax collectors,round3
SC,45001,Abbeville County,https://www.bid4assets.com/auction/index/1115443,bid4assets,verified_found,Live tax redeemable deed sale,round5
SC,45003,Aiken County,https://www.aikencountysc.gov/309/Delinquent-Tax-Sale,official,verified_found,Delinquent tax collector manages sale,round3
SC,45005,Allendale County,,not_found,pending,Unable to find specific auction URL,round1
SC,45007,Anderson County,,not_found,pending,Unable to find specific auction URL,round1
SC,45009,Bamberg County,,not_found,pending,Unable to find specific auction URL,round1
SC,45011,Barnwell County,,not_found,pending,Unable to find specific auction URL,round1
SC,45013,Beaufort County,https://www.beaufortcountytreasurer.com/news/september-2023-tax-sale-deadline,official,verified_found,Annual delinquent tax auction,round3
SC,45015,Berkeley County,,not_found,pending,Unable to find specific auction URL,round1
SC,45017,Calhoun County,,not_found,pending,Unable to find specific auction URL,round1
SC,45019,Charleston County,https://www.charlestoncounty.org/departments/delinquent-tax/tax-sale.php,official,verified_found,Sealed bids and public auction,round3
SC,45021,Cherokee County,,not_found,pending,Unable to find specific auction URL,round1
SC,45023,Chester County,,not_found,pending,Unable to find specific auction URL,round1
SC,45025,Chesterfield County,,not_found,pending,Unable to find specific auction URL,round1
SC,45027,Clarendon County,https://www.bid4assets.com/auction/index/1114718,bid4assets,verified_found,Live tax redeemable deed sale,round5
SC,45029,Colleton County,https://www.colletoncounty.org/delinquent-tax/tax-sale,official,verified_found,Tax sale held Friday February 20 2026,round3
SC,45031,Darlington County,,not_found,pending,Unable to find specific auction URL,round1
SC,45033,Dillon County,,not_found,pending,Unable to find specific auction URL,round1
SC,45035,Dorchester County,,not_found,pending,Unable to find specific auction URL,round1
SC,45037,Edgefield County,,not_found,pending,Unable to find specific auction URL,round1
SC,45039,Fairfield County,,not_found,pending,Unable to find specific auction URL,round1
SC,45041,Florence County,,not_found,pending,Unable to find specific auction URL,round1
SC,45043,Georgetown County,https://www.gtcountysc.gov/408/Tax-Sale,official,verified_found,Annual tax sale,round3
SC,45045,Greenville County,https://www.greenvillecounty.org/taxcollector/TaxSaleProcedures.aspx,official,verified_found,Public auction at Convention Center,round3
SC,45047,Greenwood County,https://www.bid4assets.com/auction/index/1110843,bid4assets,verified_found,Live tax redeemable deed sale,round5
SC,45049,Hampton County,,not_found,pending,Unable to find specific auction URL,round1
SC,45051,Horry County,https://www.horrycountysc.gov/departments/treasurer/delinquent-tax/,official,verified_found,Delinquent tax department manages sale,round3
SC,45053,Jasper County,,not_found,pending,Unable to find specific auction URL,round1
SC,45055,Kershaw County,https://www.kershaw.sc.gov,official,verified_found,County site reference from search,round3
SC,45057,Lancaster County,https://www.lancastercountysc.gov/198/Tax-Sale-Procedures,official,verified_found,Tax sale November 9 2026,round3
SC,45059,Laurens County,,not_found,pending,Unable to find specific auction URL,round1
SC,45061,Lee County,https://www.leecountysc.org/directory/departments___elected_officials/delinquent_tax.php,official,verified_found,Tax sale first Monday in November,round3
SC,45063,Lexington County,https://www.bid4assets.com/auction/index/1166189,bid4assets,verified_found,Live tax redeemable deed sale,round5
SC,45067,Marion County,https://www.marionsc.org/departments/tax_collector/bidding_information.php,official,verified_found,Tax sale November 2 2026,round3
SC,45069,Marlboro County,,not_found,pending,Unable to find specific auction URL,round1
SC,45065,McCormick County,,not_found,pending,Unable to find specific auction URL,round1
SC,45071,Newberry County,,not_found,pending,Unable to find specific auction URL,round1
SC,45073,Oconee County,https://oconeesc.com/delinquent-tax/tax-sale-information,official,verified_found,Delinquent tax sales,round3
SC,45075,Orangeburg County,,not_found,pending,Unable to find specific auction URL,round1
SC,45077,Pickens County,,not_found,pending,Unable to find specific auction URL,round1
SC,45079,Richland County,https://www.richlandcountysc.gov/Property-Business/Taxes/Delinquent-Taxes/Tax-Sale,official,verified_found,County treasurer manages delinquent tax sale,round3
SC,45081,Saluda County,https://saludacounty.sc.gov/departments/tax-collector/delinquent-tax-sale,official,verified_found,County tax collector manages sale,round3
SC,45083,Spartanburg County,https://www.spartanburgcounty.gov/640/2025-Tax-Sale-Info,official,verified_found,November tax sale dates,round3
SC,45085,Sumter County,,not_found,pending,Unable to find specific auction URL,round1
SC,45087,Union County,,not_found,pending,Unable to find specific auction URL,round1
SC,45089,Williamsburg County,https://www.williamsburgcounty.sc.gov/325/Delinquent-Tax-Sale,official,verified_found,Annual tax sale,round3
SC,45091,York County,,not_found,pending,Unable to find specific auction URL,round1
SD,46003,Aurora County,,not_found,pending,Unable to find specific auction URL,round1
SD,46005,Beadle County,,not_found,pending,Unable to find specific auction URL,round1
SD,46007,Bennett County,,not_found,pending,Unable to find specific auction URL,round1
SD,46009,Bon Homme County,,not_found,pending,Unable to find specific auction URL,round1
SD,46011,Brookings County,,not_found,pending,Unable to find specific auction URL,round1
SD,46013,Brown County,,not_found,pending,Unable to find specific auction URL,round1
SD,46015,Brule County,,not_found,pending,Unable to find specific auction URL,round1
SD,46017,Buffalo County,,not_found,pending,Unable to find specific auction URL,round1
SD,46019,Butte County,,not_found,pending,Unable to find specific auction URL,round1
SD,46021,Campbell County,,not_found,pending,Unable to find specific auction URL,round1
SD,46023,Charles Mix County,,not_found,pending,Unable to find specific auction URL,round1
SD,46025,Clark County,,not_found,pending,Unable to find specific auction URL,round1
SD,46027,Clay County,,not_found,pending,Unable to find specific auction URL,round1
SD,46029,Codington County,,not_found,pending,Unable to find specific auction URL,round1
SD,46031,Corson County,,not_found,pending,Unable to find specific auction URL,round1
SD,46033,Custer County,https://www.bid4assets.com/auction/index/1027004,bid4assets,verified_found,Tax Lien Sale - 245 Liens,round5
SD,46035,Davison County,,not_found,pending,Unable to find specific auction URL,round1
SD,46037,Day County,,not_found,pending,Unable to find specific auction URL,round1
SD,46039,Deuel County,,not_found,pending,Unable to find specific auction URL,round1
SD,46041,Dewey County,,not_found,pending,Unable to find specific auction URL,round1
SD,46043,Douglas County,,not_found,pending,Unable to find specific auction URL,round1
SD,46045,Edmunds County,,not_found,pending,Unable to find specific auction URL,round1
SD,46047,Fall River County,,not_found,pending,Unable to find specific auction URL,round1
SD,46049,Faulk County,,not_found,pending,Unable to find specific auction URL,round1
SD,46051,Grant County,,not_found,pending,Unable to find specific auction URL,round1
SD,46053,Gregory County,,not_found,pending,Unable to find specific auction URL,round1
SD,46055,Haakon County,,not_found,pending,Unable to find specific auction URL,round1
SD,46057,Hamlin County,,not_found,pending,Unable to find specific auction URL,round1
SD,46059,Hand County,,not_found,pending,Unable to find specific auction URL,round1
SD,46061,Hanson County,,not_found,pending,Unable to find specific auction URL,round1
SD,46063,Harding County,,not_found,pending,Unable to find specific auction URL,round1
SD,46065,Hughes County,,not_found,pending,Unable to find specific auction URL,round1
SD,46067,Hutchinson County,,not_found,pending,Unable to find specific auction URL,round1
SD,46069,Hyde County,,not_found,pending,Unable to find specific auction URL,round1
SD,46071,Jackson County,,not_found,pending,Unable to find specific auction URL,round1
SD,46073,Jerauld County,,not_found,pending,Unable to find specific auction URL,round1
SD,46075,Jones County,,not_found,pending,Unable to find specific auction URL,round1
SD,46077,Kingsbury County,,not_found,pending,Unable to find specific auction URL,round1
SD,46079,Lake County,,not_found,pending,Unable to find specific auction URL,round1
SD,46081,Lawrence County,https://www.bid4assets.com/auction/index/1026606,bid4assets,verified_found,Tax lien sale on Bid4Assets; specific auction ID listing (may be time-limited),round4
SD,46083,Lincoln County,,not_found,pending,Unable to find specific auction URL,round1
SD,46085,Lyman County,,not_found,pending,Unable to find specific auction URL,round1
SD,46091,Marshall County,,not_found,pending,Unable to find specific auction URL,round1
SD,46087,McCook County,,not_found,pending,Unable to find specific auction URL,round1
SD,46089,McPherson County,,not_found,pending,Unable to find specific auction URL,round1
SD,46093,Meade County,https://www.bid4assets.com/auction/index/1026320,bid4assets,verified_found,Tax lien sale on Bid4Assets; specific auction ID listing (may be time-limited),round4
SD,46095,Mellette County,,not_found,pending,Unable to find specific auction URL,round1
SD,46097,Miner County,,not_found,pending,Unable to find specific auction URL,round1
SD,46099,Minnehaha County,https://www.minnehahacounty.gov/notices/sale/sale.php,official,verified_found,County Treasurer Notice of Sale page for tax sales,round3
SD,46101,Moody County,,not_found,pending,Unable to find specific auction URL,round1
SD,46103,Pennington County,https://www.bid4assets.com/auction/index/1158851,bid4assets,verified_found,Tax deed sale on Bid4Assets; specific auction ID listing (may be time-limited),round4
SD,46105,Perkins County,,not_found,pending,Unable to find specific auction URL,round1
SD,46107,Potter County,,not_found,pending,Unable to find specific auction URL,round1
SD,46109,Roberts County,,not_found,pending,Unable to find specific auction URL,round1
SD,46111,Sanborn County,,not_found,pending,Unable to find specific auction URL,round1
SD,46113,Shannon County,,not_found,pending,Unable to find specific auction URL,round1
SD,46115,Spink County,,not_found,pending,Unable to find specific auction URL,round1
SD,46117,Stanley County,,not_found,pending,Unable to find specific auction URL,round1
SD,46119,Sully County,,not_found,pending,Unable to find specific auction URL,round1
SD,46121,Todd County,https://www.bid4assets.com/auction/index/1158851,bid4assets,verified_found,Tax Deed Sale - 12 Deeds,round5
SD,46123,Tripp County,,not_found,pending,Unable to find specific auction URL,round1
SD,46125,Turner County,,not_found,pending,Unable to find specific auction URL,round1
SD,46127,Union County,,not_found,pending,Unable to find specific auction URL,round1
SD,46129,Walworth County,,not_found,pending,Unable to find specific auction URL,round1
SD,46135,Yankton County,,not_found,pending,Unable to find specific auction URL,round1
SD,46137,Ziebach County,,not_found,pending,Unable to find specific auction URL,round1
TN,47001,Anderson County,https://www.govease.com,govease,verified_found,Govease auction platform; verified via Clerk & Master website,round5
TN,47003,Bedford County,,not_found,pending,Unable to find specific auction URL,round1
TN,47005,Benton County,,not_found,pending,Unable to find specific auction URL,round1
TN,47007,Bledsoe County,,not_found,pending,Unable to find specific auction URL,round1
TN,47009,Blount County,https://www.blounttn.gov/2029/Delinquent-Property-Tax-Sale,official,verified_found,Clerk and Master office conducts annual sales; also listed on altags.com for online auction,round4
TN,47011,Bradley County,https://www.bid4assets.com/auction/index/1167691,bid4assets,verified_found,Redeemable deed sales through Bid4Assets platform,round4
TN,47013,Campbell County,,not_found,pending,Unable to find specific auction URL,round1
TN,47015,Cannon County,,not_found,pending,Unable to find specific auction URL,round1
TN,47017,Carroll County,,not_found,pending,Unable to find specific auction URL,round1
TN,47019,Carter County,,not_found,pending,Unable to find specific auction URL,round1
TN,47021,Cheatham County,,not_found,pending,Unable to find specific auction URL,round1
TN,47023,Chester County,,not_found,pending,Unable to find specific auction URL,round1
TN,47025,Claiborne County,,not_found,pending,Unable to find specific auction URL,round1
TN,47027,Clay County,,not_found,pending,Unable to find specific auction URL,round1
TN,47029,Cocke County,,not_found,pending,Unable to find specific auction URL,round1
TN,47031,Coffee County,,not_found,pending,Unable to find specific auction URL,round1
TN,47033,Crockett County,,not_found,pending,Unable to find specific auction URL,round1
TN,47035,Cumberland County,,blank,verified_not_found,Register of Deeds handles sales; not online auction platform,round5
TN,47037,Davidson County,,not_found,verified_not_found,In-person auction only at courthouse; no online platform exists,round2
TN,47039,Decatur County,,not_found,pending,Unable to find specific auction URL,round1
TN,47041,DeKalb County,,not_found,pending,Unable to find specific auction URL,round1
TN,47043,Dickson County,,not_found,pending,Unable to find specific auction URL,round1
TN,47045,Dyer County,,not_found,pending,Unable to find specific auction URL,round1
TN,47047,Fayette County,,not_found,pending,Unable to find specific auction URL,round1
TN,47049,Fentress County,,not_found,pending,Unable to find specific auction URL,round1
TN,47051,Franklin County,,not_found,pending,Unable to find specific auction URL,round1
TN,47053,Gibson County,,not_found,pending,Unable to find specific auction URL,round1
TN,47055,Giles County,,not_found,pending,Unable to find specific auction URL,round1
TN,47057,Grainger County,,not_found,pending,Unable to find specific auction URL,round1
TN,47059,Greene County,https://www.govease.com/,govease,verified_found,GovEase online auction platform,round2
TN,47061,Grundy County,,not_found,pending,Unable to find specific auction URL,round1
TN,47063,Hamblen County,,not_found,pending,Unable to find specific auction URL,round1
TN,47065,Hamilton County,https://www.civicsource.com/,other_platform,verified_found,CivicSource online auction platform,round2
TN,47067,Hancock County,,not_found,pending,Unable to find specific auction URL,round1
TN,47069,Hardeman County,,not_found,pending,Unable to find specific auction URL,round1
TN,47071,Hardin County,,not_found,pending,Unable to find specific auction URL,round1
TN,47073,Hawkins County,,not_found,pending,Unable to find specific auction URL,round1
TN,47075,Haywood County,,not_found,pending,Unable to find specific auction URL,round1
TN,47077,Henderson County,,not_found,pending,Unable to find specific auction URL,round1
TN,47079,Henry County,https://www.zeusauction.com/,zeus,verified_found,SRI platform (Zeus Auction); effective April 2024,round2
TN,47081,Hickman County,,not_found,pending,Unable to find specific auction URL,round1
TN,47083,Houston County,,not_found,pending,Unable to find specific auction URL,round1
TN,47085,Humphreys County,,not_found,pending,Unable to find specific auction URL,round1
TN,47087,Jackson County,,not_found,pending,Unable to find specific auction URL,round1
TN,47089,Jefferson County,,not_found,pending,Unable to find specific auction URL,round1
TN,47091,Johnson County,,not_found,pending,Unable to find specific auction URL,round1
TN,47093,Knox County,,not_found,verified_not_found,In-person auction only at The Grande Event Center; no online platform,round2
TN,47095,Lake County,,not_found,pending,Unable to find specific auction URL,round1
TN,47097,Lauderdale County,,not_found,pending,Unable to find specific auction URL,round1
TN,47099,Lawrence County,,not_found,pending,Unable to find specific auction URL,round1
TN,47101,Lewis County,,not_found,pending,Unable to find specific auction URL,round1
TN,47103,Lincoln County,,not_found,pending,Unable to find specific auction URL,round1
TN,47105,Loudon County,,not_found,pending,Unable to find specific auction URL,round1
TN,47111,Macon County,,not_found,pending,Unable to find specific auction URL,round1
TN,47113,Madison County,,not_found,pending,Unable to find specific auction URL,round1
TN,47115,Marion County,,not_found,pending,Unable to find specific auction URL,round1
TN,47117,Marshall County,,not_found,pending,Unable to find specific auction URL,round1
TN,47119,Maury County,https://www.govease.com/,govease,verified_found,GovEase online auction platform,round2
TN,47107,McMinn County,,not_found,pending,Unable to find specific auction URL,round1
TN,47109,McNairy County,,not_found,pending,Unable to find specific auction URL,round1
TN,47121,Meigs County,,not_found,pending,Unable to find specific auction URL,round1
TN,47123,Monroe County,https://www.bid4assets.com/auction/index/1182865,bid4assets,verified_found,Bid4Assets live tax redeemable deed sale with 139 deeds listed,round5
TN,47125,Montgomery County,https://montgomerytn.gov/trustee/tax-sale,official,verified_found,Trustee office holds tax sales at Montgomery County Courts Center,round4
TN,47127,Moore County,,not_found,pending,Unable to find specific auction URL,round1
TN,47129,Morgan County,,not_found,pending,Unable to find specific auction URL,round1
TN,47131,Obion County,,not_found,pending,Unable to find specific auction URL,round1
TN,47133,Overton County,,not_found,pending,Unable to find specific auction URL,round1
TN,47135,Perry County,,not_found,pending,Unable to find specific auction URL,round1
TN,47137,Pickett County,,not_found,pending,Unable to find specific auction URL,round1
TN,47139,Polk County,,not_found,pending,Unable to find specific auction URL,round1
TN,47141,Putnam County,,not_found,pending,Unable to find specific auction URL,round1
TN,47143,Rhea County,,not_found,pending,Unable to find specific auction URL,round1
TN,47145,Roane County,,not_found,pending,Unable to find specific auction URL,round1
TN,47147,Robertson County,,not_found,pending,Unable to find specific auction URL,round1
TN,47149,Rutherford County,https://www.govease.com/,govease,verified_found,GovEase online auction platform,round2
TN,47151,Scott County,,not_found,pending,Unable to find specific auction URL,round1
TN,47153,Sequatchie County,,not_found,pending,Unable to find specific auction URL,round1
TN,47155,Sevier County,,not_found,verified_not_found,No dedicated online auction platform found; appears to be county-trustee run in-person sales,round2
TN,47157,Shelby County,https://zeusauction.com,sri,verified_found,Chancery Court Clerk & Master conducts sales through SRI (ZeusAuction) platform as of April 2024,round4
TN,47159,Smith County,,not_found,pending,Unable to find specific auction URL,round1
TN,47161,Stewart County,,not_found,pending,Unable to find specific auction URL,round1
TN,47163,Sullivan County,,not_found,pending,Unable to find specific auction URL,round1
TN,47165,Sumner County,,not_found,verified_not_found,In-person auction only at courthouse; no online platform exists,round2
TN,47167,Tipton County,,not_found,pending,Unable to find specific auction URL,round1
TN,47169,Trousdale County,,not_found,pending,Unable to find specific auction URL,round1
TN,47171,Unicoi County,,not_found,pending,Unable to find specific auction URL,round1
TN,47173,Union County,,not_found,pending,Unable to find specific auction URL,round1
TN,47175,Van Buren County,,not_found,pending,Unable to find specific auction URL,round1
TN,47177,Warren County,,not_found,pending,Unable to find specific auction URL,round1
TN,47179,Washington County,https://www.govease.com/,govease,verified_found,GovEase online auction platform,round2
TN,47181,Wayne County,,not_found,pending,Unable to find specific auction URL,round1
TN,47183,Weakley County,,not_found,pending,Unable to find specific auction URL,round1
TN,47185,White County,https://whitecountytn.gov/services/property-taxes,official,verified_found,County Trustee office handles tax sales through Chancery Court,round1
TN,47187,Williamson County,https://www.williamsoncounty-tn.gov/2185,official,verified_found,Search & Pay Taxes page through county government,round1
TN,47189,Wilson County,https://www.wilsoncountytn.gov/174/Court-Public-Auctions-Delinquent-Tax-Sal,official,verified_found,Court Public Auctions & Delinquent Tax Sales official page,round1
TX,48001,Anderson County,,bid4assets,pending,Texas county; tax sales typically through county Tax Assessor or Bid4Assets platform,round1
TX,48003,Andrews County,,,verified_not_found,Courthouse steps sales only - no dedicated online platform,round3
TX,48005,Angelina County,https://www.mvbataxsales.com/auction/angelina-county-online-property-tax-sale-all-properties-withdrawn-99/terms-conditions/,other_platform,verified_found,MVBA Tax Sales platform - Online property tax sale auctions,round3
TX,48007,Aransas County,https://aransas.texas.sheriffsaleauctions.com/,realauction,verified_found,RealAuction platform - online auctions begin March 2023,round3
TX,48009,Archer County,,,verified_not_found,Courthouse steps sales only - no dedicated online platform,round3
TX,48011,Armstrong County,,,verified_not_found,Courthouse steps sales only - no dedicated online platform,round3
TX,48013,Atascosa County,,,verified_not_found,Courthouse steps sales only - no dedicated online platform,round3
TX,48015,Austin County,,,verified_not_found,Courthouse steps sales only - no dedicated online platform,round3
TX,48017,Bailey County,,,verified_not_found,Courthouse steps sales only - no dedicated online platform,round3
TX,48019,Bandera County,,,verified_not_found,Courthouse steps sales only - no dedicated online platform,round3
TX,48021,Bastrop County,,,verified_not_found,Courthouse steps sales only - no dedicated online platform,round3
TX,48023,Baylor County,,,verified_not_found,Courthouse steps sales only - no dedicated online platform,round3
TX,48025,Bee County,,,verified_not_found,Courthouse steps sales only - no dedicated online platform,round3
TX,48027,Bell County,https://bellcad.org/property-tax-sales/,official,verified_found,County CAD tax sales page; MVBA law firm handles sales,round2
TX,48029,Bexar County,,,verified_not_found,Courthouse steps sales only - no dedicated online platform,round3
TX,48031,Blanco County,https://www.bid4assets.com/auction/index/1106843,bid4assets,verified_found,Live tax redeemable deed sale on Bid4Assets,round3
TX,48033,Borden County,,,verified_not_found,Courthouse steps sales only - no dedicated online platform,round3
TX,48035,Bosque County,https://bosquecountyconstable.godaddysites.com/upcoming-tax-sales,other_platform,verified_found,Constable website; upcoming tax sales list,round2
TX,48037,Bowie County,https://www.mvbataxsales.com/auction/bowie-central-appraisal-district-bowie-county-texas-online-property-tax-sale-march-4-2025-129/,other_platform,verified_found,MVBA Tax Sales online platform,round3
TX,48039,Brazoria County,https://www.brazoriacountytx.gov/departments/tax-office/property-taxes/sheriff-sale-tax-resales,official,verified_found,In-person at courthouse courtroom; first Tuesday monthly,round2
TX,48041,Brazos County,https://brazoscountytx.gov/275/Upcoming-Sheriffs-Sale,official,verified_found,Upcoming Sheriff's Sale page on county website,round2
TX,48043,Brewster County,,,verified_not_found,Courthouse steps sales only - no dedicated online platform,round3
TX,48045,Briscoe County,,,verified_not_found,Courthouse steps sales only - no dedicated online platform,round3
TX,48047,Brooks County,,,verified_not_found,Courthouse steps sales only - no dedicated online platform,round3
TX,48049,Brown County,,,verified_not_found,Courthouse steps sales only - no dedicated online platform,round3
TX,48051,Burleson County,,,verified_not_found,Courthouse steps sales only - no dedicated online platform,round3
TX,48053,Burnet County,https://www.mvbataxsales.com/,other_platform,verified_found,MVBA operates Burnet County - first online delinquent property tax sale in Texas,round3
TX,48055,Caldwell County,,,verified_not_found,Courthouse steps sales only - no dedicated online platform,round3
TX,48057,Calhoun County,,,verified_not_found,Courthouse steps sales only - no dedicated online platform,round3
TX,48059,Callahan County,,,verified_not_found,Courthouse steps sales only - no dedicated online platform,round3
TX,48061,Cameron County,,,verified_not_found,Courthouse steps sales only - no dedicated online platform,round3
TX,48063,Camp County,,,verified_not_found,Courthouse steps sales only - no dedicated online platform,round3
TX,48065,Carson County,,,verified_not_found,Courthouse steps sales only - no dedicated online platform,round3
TX,48067,Cass County,https://www.casscounty.com,official,verified_found,County website; first Tuesday monthly sales in-person,round2
TX,48069,Castro County,,,verified_not_found,Courthouse steps sales only - no dedicated online platform,round3
TX,48071,Chambers County,https://www.bid4assets.com/,bid4assets,verified_found,Bid4Assets platform; online auctions,round2
TX,48073,Cherokee County,https://www.mvbataxsales.com/,other_platform,verified_found,MVBA online tax sales platform; scheduled auctions,round2
TX,48075,Childress County,,,verified_not_found,Courthouse steps sales only - no dedicated online platform,round3
TX,48077,Clay County,,,verified_not_found,Courthouse steps sales only - no dedicated online platform,round3
TX,48079,Cochran County,,,verified_not_found,Courthouse steps sales only - no dedicated online platform,round3
TX,48081,Coke County,,,verified_not_found,Courthouse steps sales only - no dedicated online platform,round3
TX,48083,Coleman County,,,verified_not_found,Courthouse steps sales only - no dedicated online platform,round3
TX,48085,Collin County,https://www.collincountytx.gov/tax-assessor/properties-for-sale,official,verified_found,County tax assessor page; some auctions on Bid4Assets,round2
TX,48087,Collingsworth County,,,verified_not_found,Courthouse steps sales only - no dedicated online platform,round3
TX,48089,Colorado County,,,verified_not_found,Courthouse steps sales only - no dedicated online platform,round3
TX,48091,Comal County,https://www.mvbataxsales.com/,other_platform,verified_found,MVBA online platform; scheduled quarterly auctions,round2
TX,48093,Comanche County,,,verified_not_found,Courthouse steps sales only - no dedicated online platform,round3
TX,48095,Concho County,,,verified_not_found,Courthouse steps sales only - no dedicated online platform,round3
TX,48097,Cooke County,,,verified_not_found,Courthouse steps sales only - no dedicated online platform,round3
TX,48099,Coryell County,https://www.coryellcounty.org/page/coryell.Foreclosure,official,verified_found,County foreclosure info page; in-person at courthouse,round2
TX,48101,Cottle County,,,verified_not_found,Courthouse steps sales only - no dedicated online platform,round3
TX,48103,Crane County,,,verified_not_found,Courthouse steps sales only - no dedicated online platform,round3
TX,48105,Crockett County,,,verified_not_found,Courthouse steps sales only - no dedicated online platform,round3
TX,48107,Crosby County,,,verified_not_found,Courthouse steps sales only - no dedicated online platform,round3
TX,48109,Culberson County,,,verified_not_found,Courthouse steps sales only - no dedicated online platform,round3
TX,48111,Dallam County,,,verified_not_found,Courthouse steps sales only - no dedicated online platform,round3
TX,48113,Dallas County,https://dallas.texas.sheriffsaleauctions.com/,realauction,verified_found,RealAuction platform - online monthly sheriff sales,round3
TX,48115,Dawson County,,,verified_not_found,Courthouse steps sales only - no dedicated online platform,round3
TX,48117,Deaf Smith County,,,verified_not_found,Courthouse steps sales only - no dedicated online platform,round3
TX,48119,Delta County,,,verified_not_found,Courthouse steps sales only - no dedicated online platform,round3
TX,48121,Denton County,https://www.dentoncounty.gov/867/Delinquent-Tax-Sales,govease,verified_found,Official county page; auctions conducted via GovEase platform,round2
TX,48123,DeWitt County,,,verified_not_found,Courthouse steps sales only - no dedicated online platform,round3
TX,48125,Dickens County,,,verified_not_found,Courthouse steps sales only - no dedicated online platform,round3
TX,48127,Dimmit County,,,verified_not_found,Courthouse steps sales only - no dedicated online platform,round3
TX,48129,Donley County,,,verified_not_found,Courthouse steps sales only - no dedicated online platform,round3
TX,48131,Duval County,,,verified_not_found,Courthouse steps sales only - no dedicated online platform,round3
TX,48133,Eastland County,,,verified_not_found,Courthouse steps sales only - no dedicated online platform,round3
TX,48135,Ector County,,,verified_not_found,Courthouse steps sales only - no dedicated online platform,round3
TX,48137,Edwards County,,,verified_not_found,Courthouse steps sales only - no dedicated online platform,round3
TX,48141,El Paso County,https://elpaso.texas.sheriffsaleauctions.com/,realauction,verified_found,RealAuction online platform; first Tuesday monthly,round2
TX,48139,Ellis County,https://ellis.texas.sheriffsaleauctions.com,realauction,verified_found,RealAuction platform via Sheriff; preregister online,round2
TX,48143,Erath County,,,verified_not_found,Courthouse steps sales only - no dedicated online platform,round3
TX,48145,Falls County,,,verified_not_found,Courthouse steps sales only - no dedicated online platform,round3
TX,48147,Fannin County,,,verified_not_found,Courthouse steps sales only - no dedicated online platform,round3
TX,48149,Fayette County,,,verified_not_found,Courthouse steps sales only - no dedicated online platform,round3
TX,48151,Fisher County,,,verified_not_found,Courthouse steps sales only - no dedicated online platform,round3
TX,48153,Floyd County,,,verified_not_found,Courthouse steps sales only - no dedicated online platform,round3
TX,48155,Foard County,,,verified_not_found,Courthouse steps sales only - no dedicated online platform,round3
TX,48157,Fort Bend County,https://www.fortbendcountytx.gov/government/departments/constables/constable-precinct-4/tax-and-property-sales,official,verified_found,County constable page; first Tuesday monthly,round2
TX,48159,Franklin County,,,verified_not_found,Courthouse steps sales only - no dedicated online platform,round3
TX,48161,Freestone County,,,verified_not_found,Courthouse steps sales only - no dedicated online platform,round3
TX,48163,Frio County,,,verified_not_found,Courthouse steps sales only - no dedicated online platform,round3
TX,48165,Gaines County,,,verified_not_found,Courthouse steps sales only - no dedicated online platform,round3
TX,48167,Galveston County,https://www.realauction.com,realauction,verified_found,RealAuction platform; first Tuesday monthly,round2
TX,48169,Garza County,,,verified_not_found,Courthouse steps sales only - no dedicated online platform,round3
TX,48171,Gillespie County,,,verified_not_found,Courthouse steps sales only - no dedicated online platform,round3
TX,48173,Glasscock County,,,verified_not_found,Courthouse steps sales only - no dedicated online platform,round3
TX,48175,Goliad County,,,verified_not_found,Courthouse steps sales only - no dedicated online platform,round3
TX,48177,Gonzales County,,,verified_not_found,Courthouse steps sales only - no dedicated online platform,round3
TX,48179,Gray County,,,verified_not_found,Courthouse steps sales only - no dedicated online platform,round3
TX,48181,Grayson County,https://www.govease.com/,govease,verified_found,GovEase platform for online auctions,round2
TX,48183,Gregg County,https://www.mvbataxsales.com,other_platform,verified_found,MVBA law firm platform; online auctions,round2
TX,48185,Grimes County,,,verified_not_found,Courthouse steps sales only - no dedicated online platform,round3
TX,48187,Guadalupe County,https://www.guadalupetx.gov/page/tax.sale,official,verified_found,Official county foreclosure sales page,round2
TX,48189,Hale County,,,verified_not_found,Courthouse steps sales only - no dedicated online platform,round3
TX,48191,Hall County,,,verified_not_found,Courthouse steps sales only - no dedicated online platform,round3
TX,48193,Hamilton County,,,verified_not_found,Courthouse steps sales only - no dedicated online platform,round3
TX,48195,Hansford County,,,verified_not_found,Courthouse steps sales only - no dedicated online platform,round3
TX,48197,Hardeman County,,,verified_not_found,Courthouse steps sales only - no dedicated online platform,round3
TX,48199,Hardin County,https://www.bid4assets.com/,bid4assets,verified_found,Bid4Assets platform; multiple active auctions,round2
TX,48201,Harris County,https://www.hctax.net/Property/TaxSales,official,verified_found,County tax office direct link; monthly sales,round2
TX,48203,Harrison County,https://www.mvbataxsales.com/,other_platform,verified_found,MVBA online tax sales platform; monthly auctions,round2
TX,48205,Hartley County,,,verified_not_found,Courthouse steps sales only - no dedicated online platform,round3
TX,48207,Haskell County,,,verified_not_found,Courthouse steps sales only - no dedicated online platform,round3
TX,48209,Hays County,https://www.mvbataxsales.com/,other_platform,verified_found,MVBA runs online auctions for Hays County,round3
TX,48211,Hemphill County,,,verified_not_found,Courthouse steps sales only - no dedicated online platform,round3
TX,48213,Henderson County,https://www.henderson-county.com/departments/county-clerk/county-clerk-foreclosure-sales-listings,bid4assets,verified_found,County clerk foreclosure listings; also Bid4Assets platform,round2
TX,48215,Hidalgo County,,,verified_not_found,Courthouse steps sales only - no dedicated online platform,round3
TX,48217,Hill County,,,verified_not_found,Courthouse steps sales only - no dedicated online platform,round3
TX,48219,Hockley County,,,verified_not_found,Courthouse steps sales only - no dedicated online platform,round3
TX,48221,Hood County,,,verified_not_found,Courthouse steps sales only - no dedicated online platform,round3
TX,48223,Hopkins County,,,verified_not_found,Courthouse steps sales only - no dedicated online platform,round3
TX,48225,Houston County,,,verified_not_found,Courthouse steps sales only - no dedicated online platform,round3
TX,48227,Howard County,,,verified_not_found,Courthouse steps sales only - no dedicated online platform,round3
TX,48229,Hudspeth County,,,verified_not_found,Courthouse steps sales only - no dedicated online platform,round3
TX,48231,Hunt County,,,verified_not_found,Courthouse steps sales only - no dedicated online platform,round3
TX,48233,Hutchinson County,,,verified_not_found,Courthouse steps sales only - no dedicated online platform,round3
TX,48235,Irion County,,,verified_not_found,Courthouse steps sales only - no dedicated online platform,round3
TX,48237,Jack County,,,verified_not_found,Courthouse steps sales only - no dedicated online platform,round3
TX,48239,Jackson County,,,verified_not_found,Courthouse steps sales only - no dedicated online platform,round3
TX,48241,Jasper County,,,verified_not_found,Courthouse steps sales only - no dedicated online platform,round3
TX,48243,Jeff Davis County,,,verified_not_found,Courthouse steps sales only - no dedicated online platform,round3
TX,48245,Jefferson County,https://jeffcotax.com/property-tax/delinquent-tax-sale/,official,verified_found,County tax office page; also lists on Proxibid and Bid4Assets,round2
TX,48247,Jim Hogg County,,,verified_not_found,Courthouse steps sales only - no dedicated online platform,round3
TX,48249,Jim Wells County,,,verified_not_found,Courthouse steps sales only - no dedicated online platform,round3
TX,48251,Johnson County,https://www.johnsoncountytx.org/government/county-clerk/land-records-vitals/foreclosure-sales,official,verified_found,County foreclosure sales page; also Bid4Assets,round2
TX,48253,Jones County,,,verified_not_found,Courthouse steps sales only - no dedicated online platform,round3
TX,48255,Karnes County,,,verified_not_found,Courthouse steps sales only - no dedicated online platform,round3
TX,48257,Kaufman County,https://kaufman.texas.sheriffsaleauctions.com/,realauction,verified_found,Online auction via RealAuction; first Tuesday monthly,round2
TX,48259,Kendall County,,,verified_not_found,Courthouse steps sales only - no dedicated online platform,round3
TX,48261,Kenedy County,,,verified_not_found,Courthouse steps sales only - no dedicated online platform,round3
TX,48263,Kent County,,,verified_not_found,Courthouse steps sales only - no dedicated online platform,round3
TX,48265,Kerr County,,,verified_not_found,Courthouse steps sales only - no dedicated online platform,round3
TX,48267,Kimble County,,,verified_not_found,Courthouse steps sales only - no dedicated online platform,round3
TX,48269,King County,,,verified_not_found,Courthouse steps sales only - no dedicated online platform,round3
TX,48271,Kinney County,,,verified_not_found,Courthouse steps sales only - no dedicated online platform,round3
TX,48273,Kleberg County,,,verified_not_found,Courthouse steps sales only - no dedicated online platform,round3
TX,48275,Knox County,,,verified_not_found,Courthouse steps sales only - no dedicated online platform,round3
TX,48283,La Salle County,,,verified_not_found,Courthouse steps sales only - no dedicated online platform,round3
TX,48277,Lamar County,https://www.co.lamar.tx.us/page/lamar.foreclosures,official,verified_found,Foreclosure notices page on county website,round2
TX,48279,Lamb County,,,verified_not_found,Courthouse steps sales only - no dedicated online platform,round3
TX,48281,Lampasas County,,,verified_not_found,Courthouse steps sales only - no dedicated online platform,round3
TX,48285,Lavaca County,,,verified_not_found,Courthouse steps sales only - no dedicated online platform,round3
TX,48287,Lee County,,,verified_not_found,Courthouse steps sales only - no dedicated online platform,round3
TX,48289,Leon County,,,verified_not_found,Courthouse steps sales only - no dedicated online platform,round3
TX,48291,Liberty County,https://notices.libertycountytx.com/auctions,official,verified_found,Public notices website; sheriff auctions listed,round2
TX,48293,Limestone County,https://www.limestonetexas-tax.com/,official,verified_found,Tax Assessor office website; also lists on Bid4Assets,round2
TX,48295,Lipscomb County,,,verified_not_found,Courthouse steps sales only - no dedicated online platform,round3
TX,48297,Live Oak County,,,verified_not_found,Courthouse steps sales only - no dedicated online platform,round3
TX,48299,Llano County,,,verified_not_found,Courthouse steps sales only - no dedicated online platform,round3
TX,48301,Loving County,,,verified_not_found,Courthouse steps sales only - no dedicated online platform,round3
TX,48303,Lubbock County,,,verified_not_found,Courthouse steps sales only - no dedicated online platform,round3
TX,48305,Lynn County,,,verified_not_found,Courthouse steps sales only - no dedicated online platform,round3
TX,48313,Madison County,https://www.co.madison.tx.us/page/MadisonCountyTaxAssessorCollector,official,verified_found,Tax Assessor page; conducts tax certificate sales,round2
TX,48315,Marion County,,,verified_not_found,Courthouse steps sales only - no dedicated online platform,round3
TX,48317,Martin County,,,verified_not_found,Courthouse steps sales only - no dedicated online platform,round3
TX,48319,Mason County,,,verified_not_found,Courthouse steps sales only - no dedicated online platform,round3
TX,48321,Matagorda County,,,verified_not_found,Courthouse steps sales only - no dedicated online platform,round3
TX,48323,Maverick County,,,verified_not_found,Courthouse steps sales only - no dedicated online platform,round3
TX,48307,McCulloch County,,,verified_not_found,Courthouse steps sales only - no dedicated online platform,round3
TX,48309,McLennan County,https://www.bid4assets.com/,bid4assets,verified_found,Bid4Assets platform; also GovEase for some sales,round2
TX,48311,McMullen County,,,verified_not_found,Courthouse steps sales only - no dedicated online platform,round3
TX,48325,Medina County,,,verified_not_found,Courthouse steps sales only - no dedicated online platform,round3
TX,48327,Menard County,,,verified_not_found,Courthouse steps sales only - no dedicated online platform,round3
TX,48329,Midland County,,,verified_not_found,Courthouse steps sales only - no dedicated online platform,round3
TX,48331,Milam County,,,verified_not_found,Courthouse steps sales only - no dedicated online platform,round3
TX,48333,Mills County,,,verified_not_found,Courthouse steps sales only - no dedicated online platform,round3
TX,48335,Mitchell County,,,verified_not_found,Courthouse steps sales only - no dedicated online platform,round3
TX,48337,Montague County,,,verified_not_found,Courthouse steps sales only - no dedicated online platform,round3
TX,48339,Montgomery County,https://montgomery.texas.realforeclose.com,realauction,verified_found,RealForeclose platform (RealAuction); first Tuesday monthly,round2
TX,48341,Moore County,,,verified_not_found,Courthouse steps sales only - no dedicated online platform,round3
TX,48343,Morris County,,,verified_not_found,Courthouse steps sales only - no dedicated online platform,round3
TX,48345,Motley County,,,verified_not_found,Courthouse steps sales only - no dedicated online platform,round3
TX,48347,Nacogdoches County,https://www.bid4assets.com/,bid4assets,verified_found,Bid4Assets platform; online auctions,round2
TX,48349,Navarro County,https://www.bid4assets.com/,bid4assets,verified_found,Bid4Assets platform; multiple auctions listed,round2
TX,48351,Newton County,,,verified_not_found,Courthouse steps sales only - no dedicated online platform,round3
TX,48353,Nolan County,,,verified_not_found,Courthouse steps sales only - no dedicated online platform,round3
TX,48355,Nueces County,https://nueces.texas.sheriffsaleauctions.com/,realauction,verified_found,Online auction via RealAuction; first Tuesday monthly,round2
TX,48357,Ochiltree County,,,verified_not_found,Courthouse steps sales only - no dedicated online platform,round3
TX,48359,Oldham County,,,verified_not_found,Courthouse steps sales only - no dedicated online platform,round3
TX,48361,Orange County,https://orange.texas.sheriffsaleauctions.com,realauction,verified_found,Online auction via RealAuction; first Tuesday or specific months,round2
TX,48363,Palo Pinto County,,,verified_not_found,Courthouse steps sales only - no dedicated online platform,round3
TX,48365,Panola County,https://www.co.panola.tx.us/page/panola.Foreclosures,official,verified_found,Foreclosure sales page on county website,round2
TX,48367,Parker County,,,verified_not_found,Courthouse steps sales only - no dedicated online platform,round3
TX,48369,Parmer County,,,verified_not_found,Courthouse steps sales only - no dedicated online platform,round3
TX,48371,Pecos County,,,verified_not_found,Courthouse steps sales only - no dedicated online platform,round3
TX,48373,Polk County,https://www.polkcountypay.com/tax-sales.html,official,verified_found,Tax Assessor/Collector website; first Tuesday monthly,round2
TX,48375,Potter County,,,verified_not_found,Courthouse steps sales only - no dedicated online platform,round3
TX,48377,Presidio County,,,verified_not_found,Courthouse steps sales only - no dedicated online platform,round3
TX,48379,Rains County,,,verified_not_found,Courthouse steps sales only - no dedicated online platform,round3
TX,48381,Randall County,,,verified_not_found,Courthouse steps sales only - no dedicated online platform,round3
TX,48383,Reagan County,,,verified_not_found,Courthouse steps sales only - no dedicated online platform,round3
TX,48385,Real County,,,verified_not_found,Courthouse steps sales only - no dedicated online platform,round3
TX,48387,Red River County,,,verified_not_found,Courthouse steps sales only - no dedicated online platform,round3
TX,48389,Reeves County,,,verified_not_found,Courthouse steps sales only - no dedicated online platform,round3
TX,48391,Refugio County,,,verified_not_found,Courthouse steps sales only - no dedicated online platform,round3
TX,48393,Roberts County,,,verified_not_found,Courthouse steps sales only - no dedicated online platform,round3
TX,48395,Robertson County,,,verified_not_found,Courthouse steps sales only - no dedicated online platform,round3
TX,48397,Rockwall County,,,verified_not_found,Courthouse steps sales only - no dedicated online platform,round3
TX,48399,Runnels County,,,verified_not_found,Courthouse steps sales only - no dedicated online platform,round3
TX,48401,Rusk County,https://www.bid4assets.com/,bid4assets,verified_found,Bid4Assets platform; multiple auctions,round2
TX,48403,Sabine County,,,verified_not_found,Courthouse steps sales only - no dedicated online platform,round3
TX,48405,San Augustine County,,,verified_not_found,Courthouse steps sales only - no dedicated online platform,round3
TX,48407,San Jacinto County,,,verified_not_found,Courthouse steps sales only - no dedicated online platform,round3
TX,48409,San Patricio County,,,verified_not_found,Courthouse steps sales only - no dedicated online platform,round3
TX,48411,San Saba County,,,verified_not_found,Courthouse steps sales only - no dedicated online platform,round3
TX,48413,Schleicher County,,,verified_not_found,Courthouse steps sales only - no dedicated online platform,round3
TX,48415,Scurry County,,,verified_not_found,Courthouse steps sales only - no dedicated online platform,round3
TX,48417,Shackelford County,,,verified_not_found,Courthouse steps sales only - no dedicated online platform,round3
TX,48419,Shelby County,https://www.co.shelby.tx.us/page/shelby.ForeclosureNotices,official,verified_found,Foreclosure notices; in-person auctions at courthouse,round2
TX,48421,Sherman County,,,verified_not_found,Courthouse steps sales only - no dedicated online platform,round3
TX,48423,Smith County,https://smith.texas.sheriffsaleauctions.com/,realauction,verified_found,Online auction via RealAuction; also handled by LGBS law firm,round2
TX,48425,Somervell County,,,verified_not_found,Courthouse steps sales only - no dedicated online platform,round3
TX,48427,Starr County,,,verified_not_found,Courthouse steps sales only - no dedicated online platform,round3
TX,48429,Stephens County,,,verified_not_found,Courthouse steps sales only - no dedicated online platform,round3
TX,48431,Sterling County,,,verified_not_found,Courthouse steps sales only - no dedicated online platform,round3
TX,48433,Stonewall County,,,verified_not_found,Courthouse steps sales only - no dedicated online platform,round3
TX,48435,Sutton County,,,verified_not_found,Courthouse steps sales only - no dedicated online platform,round3
TX,48437,Swisher County,,,verified_not_found,Courthouse steps sales only - no dedicated online platform,round3
TX,48439,Tarrant County,https://www.tarrantcountytx.gov/en/constables/constable-3/delinquent-tax-sales.html,official,verified_found,County official page; handled by law firm LGBS,round2
TX,48441,Taylor County,,,verified_not_found,Courthouse steps sales only - no dedicated online platform,round3
TX,48443,Terrell County,,,verified_not_found,Courthouse steps sales only - no dedicated online platform,round3
TX,48445,Terry County,,,verified_not_found,Courthouse steps sales only - no dedicated online platform,round3
TX,48447,Throckmorton County,,,verified_not_found,Courthouse steps sales only - no dedicated online platform,round3
TX,48449,Titus County,,,verified_not_found,Courthouse steps sales only - no dedicated online platform,round3
TX,48451,Tom Green County,,,verified_not_found,Courthouse steps sales only - no dedicated online platform,round3
TX,48453,Travis County,https://tax-office.traviscountytx.gov/properties/foreclosed,realauction,verified_found,RealAuction online platform; first Tuesday monthly,round2
TX,48455,Trinity County,https://www.bid4assets.com/,bid4assets,verified_found,Bid4Assets platform; online auctions,round2
TX,48457,Tyler County,,,verified_not_found,Courthouse steps sales only - no dedicated online platform,round3
TX,48459,Upshur County,,,verified_not_found,Courthouse steps sales only - no dedicated online platform,round3
TX,48461,Upton County,,,verified_not_found,Courthouse steps sales only - no dedicated online platform,round3
TX,48463,Uvalde County,,,verified_not_found,Courthouse steps sales only - no dedicated online platform,round3
TX,48465,Val Verde County,,,verified_not_found,Courthouse steps sales only - no dedicated online platform,round3
TX,48467,Van Zandt County,,,verified_not_found,Courthouse steps sales only - no dedicated online platform,round3
TX,48469,Victoria County,,,verified_not_found,Courthouse steps sales only - no dedicated online platform,round3
TX,48471,Walker County,,,verified_not_found,Courthouse steps sales only - no dedicated online platform,round3
TX,48473,Waller County,,,verified_not_found,Courthouse steps sales only - no dedicated online platform,round3
TX,48475,Ward County,,,verified_not_found,Courthouse steps sales only - no dedicated online platform,round3
TX,48477,Washington County,,,verified_not_found,Courthouse steps sales only - no dedicated online platform,round3
TX,48479,Webb County,,,verified_not_found,Courthouse steps sales only - no dedicated online platform,round3
TX,48481,Wharton County,,,verified_not_found,Courthouse steps sales only - no dedicated online platform,round3
TX,48483,Wheeler County,,,verified_not_found,Courthouse steps sales only - no dedicated online platform,round3
TX,48485,Wichita County,https://wichitacountysheriffsoffice.org/tax-sales/,official,verified_found,Sheriff tax sales page; first Tuesday monthly,round2
TX,48487,Wilbarger County,,,verified_not_found,Courthouse steps sales only - no dedicated online platform,round3
TX,48489,Willacy County,,,verified_not_found,Courthouse steps sales only - no dedicated online platform,round3
TX,48491,Williamson County,https://www.wilcotx.gov/762/Tax-Sales,other_platform,verified_found,In-person auction; administered by MVBA law firm,round2
TX,48493,Wilson County,,,verified_not_found,Courthouse steps sales only - no dedicated online platform,round3
TX,48495,Winkler County,,,verified_not_found,Courthouse steps sales only - no dedicated online platform,round3
TX,48497,Wise County,,,verified_not_found,Courthouse steps sales only - no dedicated online platform,round3
TX,48499,Wood County,https://www.bid4assets.com/,bid4assets,verified_found,Bid4Assets platform; online auctions,round2
TX,48501,Yoakum County,,,verified_not_found,Courthouse steps sales only - no dedicated online platform,round3
TX,48503,Young County,,,verified_not_found,Courthouse steps sales only - no dedicated online platform,round3
TX,48505,Zapata County,,,verified_not_found,Courthouse steps sales only - no dedicated online platform,round3
TX,48507,Zavala County,,,verified_not_found,Courthouse steps sales only - no dedicated online platform,round3
UT,49001,Beaver County,https://www.beaver.utah.gov/auditor/pages/tax-sale,official,verified_found,Verified county auditor tax sale page,round5
UT,49003,Box Elder County,,,verified_not_found,No tax sale page found on county auditor site,round5
UT,49005,Cache County,,,verified_not_found,404 error on auditor tax sale page,round5
UT,49007,Carbon County,,,verified_not_found,No tax sale page found on auditor URL pattern,round5
UT,49009,Daggett County,,,verified_not_found,404 error on auditor tax sale page,round5
UT,49011,Davis County,,,verified_not_found,No tax sale page found on auditor URL pattern,round5
UT,49013,Duchesne County,https://duchesne.utah.gov/gov/elected-officials/clerk-auditor/delinquent-tax/,official,verified_found,Delinquent tax sale & surplus sale via auditor,round3
UT,49015,Emery County,,,verified_not_found,404 error on auditor tax sale page,round5
UT,49017,Garfield County,,,verified_not_found,No tax sale page found on auditor site,round5
UT,49019,Grand County,,,verified_not_found,No tax sale page found on auditor site,round5
UT,49021,Iron County,,,verified_not_found,Rate limited; no accessible tax sale page found,round5
UT,49023,Juab County,,,verified_not_found,No tax sale page found on auditor site,round5
UT,49025,Kane County,,,verified_not_found,No tax sale page found on auditor site,round5
UT,49027,Millard County,https://millardcounty.gov/your-government/elected-officials/auditor/tax-sale/,official,verified_found,County auditor conducts tax sale auctions,round3
UT,49029,Morgan County,,,verified_not_found,No response from auditor tax sale page URL,round5
UT,49031,Piute County,,,verified_not_found,Tax sale URL redirects to lander page,round5
UT,49033,Rich County,,,verified_not_found,No response from auditor tax sale page URL,round5
UT,49035,Salt Lake County,https://www.saltlakecounty.gov/property-tax/property-tax-sale/,official,verified_found,Auditor conducts May tax sale via PublicSurplus - 2026 sale concluded,round3
UT,49037,San Juan County,,,verified_not_found,No tax sale page found on auditor site,round5
UT,49039,Sanpete County,,,verified_not_found,404 error on auditor tax sale page,round5
UT,49041,Sevier County,,,verified_not_found,No response from auditor tax sale page URL,round5
UT,49043,Summit County,https://www.summitcountyutah.gov/255/Tax-Sale,official,verified_found,County auditor conducts tax sale auctions,round3
UT,49045,Tooele County,,,verified_not_found,No response from auditor tax sale page URL,round5
UT,49047,Uintah County,,,verified_not_found,No response from auditor tax sale page URL,round5
UT,49049,Utah County,https://auditor.utahcounty.gov/may-tax-sale,official,verified_found,Auditor conducts May tax sale via PublicSurplus.com - May 18-25 2026,round3
UT,49051,Wasatch County,,,verified_not_found,No response from auditor tax sale page URL,round5
UT,49053,Washington County,,,verified_not_found,No response from auditor tax sale page URL,round5
UT,49055,Wayne County,,,verified_not_found,No response from auditor tax sale page URL,round5
UT,49057,Weber County,,,verified_not_found,404 error on auditor tax sale page,round5
VA,51001,Accomack County,https://www.vaauctionco.com/,other_platform,verified_found,Virginia Auction Company,round4
VA,51003,Albemarle County,https://taxva.com/rs-tax-sales/albemarle-county-initial-advertisement-2/,tacs,verified_found,County-specific tax sale page on TACS,round3
VA,51510,Alexandria city,https://taxva.com/rs-tax-sales/city-of-alexandria-real-estate-tax-sale/,tacs,verified_found,Verified TACS page,round5
VA,51005,Alleghany County,https://www.vaauctionco.com/,other_platform,verified_found,Virginia Auction Company,round4
VA,51007,Amelia County,,,verified_not_found,No results on TACS or ForSaleAtAuction platforms,round5
VA,51009,Amherst County,,,verified_not_found,No results in verified platforms,round5
VA,51011,Appomattox County,,,verified_not_found,No results in verified platforms,round5
VA,51013,Arlington County,https://taxva.com/rs-tax-sales/arlington-county-real-estate-tax-sale/,tacs,verified_found,County-specific tax sale page on TACS,round3
VA,51015,Augusta County,,,verified_not_found,No results in verified platforms,round5
VA,51017,Bath County,https://www.vaauctionco.com/,other_platform,verified_found,Virginia Auction Company,round4
VA,51515,Bedford city,,,verified_not_found,No results in verified platforms,round5
VA,51019,Bedford County,,,verified_not_found,No results in verified platforms,round5
VA,51021,Bland County,,,verified_not_found,No results in verified platforms,round5
VA,51023,Botetourt County,,,verified_not_found,No results in verified platforms,round5
VA,51520,Bristol city,,,verified_not_found,No results in verified platforms,round5
VA,51025,Brunswick County,,,verified_not_found,No results in verified platforms,round5
VA,51027,Buchanan County,,,verified_not_found,No results in verified platforms,round5
VA,51029,Buckingham County,,,verified_not_found,No results in verified platforms,round5
VA,51530,Buena Vista city,,,verified_not_found,No results in verified platforms,round5
VA,51031,Campbell County,,,verified_not_found,No results in verified platforms,round5
VA,51033,Caroline County,https://www.forsaleatauction.biz/,forsaleatauction,verified_found,Verified on platform listing,round2
VA,51035,Carroll County,https://www.forsaleatauction.biz/,forsaleatauction,verified_found,Verified on platform listing,round2
VA,51036,Charles City County,,,verified_not_found,No results in verified platforms,round5
VA,51037,Charlotte County,,,verified_not_found,No results in verified platforms,round5
VA,51540,Charlottesville city,,,verified_not_found,No results in verified platforms,round5
VA,51550,Chesapeake city,https://www.vaauctionco.com/,other_platform,verified_found,Virginia Auction Company,round4
VA,51041,Chesterfield County,,,verified_not_found,No results in verified platforms,round5
VA,51043,Clarke County,,,verified_not_found,No results in verified platforms,round5
VA,51570,Colonial Heights city,,,verified_not_found,No results in verified platforms,round5
VA,51580,Covington city,https://www.forsaleatauction.biz,other_platform,verified_found,Uses For Sale At Auction platform,round1
VA,51045,Craig County,https://taxva.com/real-estate-tax-sales,other_platform,verified_found,Uses TACS (Taxing Authority Consulting Services),round1
VA,51047,Culpeper County,https://vaauctionco.com,other_platform,verified_found,Online bidding platform or ForSaleAtAuction.biz,round1
VA,51049,Cumberland County,https://taxva.com/rs-tax-sales/cumberland-county-real-estate-tax-sales,other_platform,verified_found,Uses TACS platform,round1
VA,51590,Danville city,,,verified_not_found,No results in verified platforms,round5
VA,51051,Dickenson County,,,verified_not_found,No results in verified platforms,round5
VA,51053,Dinwiddie County,https://www.dinwiddieva.us/709/Tax-Sales,official,verified_found,County official website,round1
VA,51595,Emporia city,https://www.vaauctionco.com/,other_platform,verified_found,Virginia Auction Company,round4
VA,51057,Essex County,,,verified_not_found,No results in verified platforms,round5
VA,51600,Fairfax city,https://taxva.com/rs-tax-sales/city-of-fairfax-real-estate-tax-sale/,tacs,verified_found,TACS,round4
VA,51059,Fairfax County,https://www.fairfaxcounty.gov/taxes/pay/auction-real-property,official,verified_found,County official website,round1
VA,51610,Falls Church city,,,verified_not_found,No results in verified platforms,round5
VA,51061,Fauquier County,https://www.fauquiercounty.gov/government/departments-h-z/treasurer-s-office/judicial-tax-sale,official,verified_found,Judicial tax sale through county website,round1
VA,51063,Floyd County,,,verified_not_found,No results in verified platforms,round5
VA,51065,Fluvanna County,https://www.forsaleatauction.biz/auctions/detail/bw162982,forsaleatauction,verified_found,Tax delinquent real estate auction on ForSaleAtAuction,round3
VA,51620,Franklin city,https://www.vaauctionco.com/,other_platform,verified_found,Virginia Auction Company,round4
VA,51067,Franklin County,,,verified_not_found,No results in verified platforms,round5
VA,51069,Frederick County,https://www.fcva.us/departments/treasurer/tax-sales,official,verified_found,County treasurer website,round1
VA,51630,Fredericksburg city,,,verified_not_found,No results in verified platforms,round5
VA,51640,Galax city,https://www.forsaleatauction.biz/auctions/detail/bw121682,forsaleatauction,verified_found,Tax delinquent real estate auction on ForSaleAtAuction,round3
VA,51071,Giles County,,,verified_not_found,No results in verified platforms,round5
VA,51073,Gloucester County,https://www.forsaleatauction.biz/,forsaleatauction,verified_found,Verified on platform listing,round2
VA,51075,Goochland County,https://www.forsaleatauction.biz/auctions/detail/bw101952,forsaleatauction,verified_found,Tax delinquent real estate auction on ForSaleAtAuction,round3
VA,51077,Grayson County,https://www.forsaleatauction.biz/auctions/detail/bw121682,forsaleatauction,verified_found,Tax delinquent real estate auction on ForSaleAtAuction,round3
VA,51079,Greene County,,,verified_not_found,No results in verified platforms,round5
VA,51081,Greensville County,https://www.vaauctionco.com/,other_platform,verified_found,Virginia Auction Company,round4
VA,51083,Halifax County,https://www.vaauctionco.com/,other_platform,verified_found,Virginia Auction Company,round4
VA,51650,Hampton city,,,verified_not_found,No results in verified platforms,round5
VA,51085,Hanover County,https://www.hanovercounty.gov/377/Delinquent-Tax-Sale,official,verified_found,County official website,round1
VA,51660,Harrisonburg city,,,verified_not_found,No results in verified platforms,round5
VA,51087,Henrico County,https://taxva.com/rs-tax-sales/henrico-county-non-judicial-sale,other_platform,verified_found,Uses TACS platform,round1
VA,51089,Henry County,https://taxva.com/rs-tax-sales/henry-county-real-estate-tax-sale-3/,tacs,verified_found,County-specific tax sale page on TACS,round3
VA,51091,Highland County,,,verified_not_found,No results in verified platforms,round5
VA,51670,Hopewell city,https://www.vaauctionco.com/,other_platform,verified_found,Virginia Auction Company,round4
VA,51093,Isle of Wight County,,,verified_not_found,No results in verified platforms,round5
VA,51095,James City County,https://www.jamescitycountyva.gov/453/Real-Estate-Auctions,official,verified_found,County official website,round1
VA,51097,King and Queen County,https://taxva.com/rs-tax-sales/king-and-queen-county-real-estate-tax-sales/,tacs,verified_found,County-specific tax sale page on TACS,round3
VA,51099,King George County,,,verified_not_found,No results in verified platforms,round5
VA,51101,King William County,,,verified_not_found,No results in verified platforms,round5
VA,51103,Lancaster County,,,verified_not_found,No results in verified platforms,round5
VA,51105,Lee County,,,verified_not_found,No results in verified platforms,round5
VA,51678,Lexington city,,,verified_not_found,No results in verified platforms,round5
VA,51107,Loudoun County,https://www.loudoun.gov/1918/Tax-Sales,official,verified_found,County official website,round1
VA,51109,Louisa County,https://taxva.com/rs-tax-sales/louisa-county-real-estate-tax-sales-3/,tacs,verified_found,County-specific tax sale page on TACS,round3
VA,51111,Lunenburg County,,,verified_not_found,No results in verified platforms,round5
VA,51680,Lynchburg city,,,verified_not_found,No results in verified platforms,round5
VA,51113,Madison County,https://www.vaauctionco.com/,other_platform,verified_found,Virginia Auction Company,round4
VA,51683,Manassas city,,,verified_not_found,No results in verified platforms,round5
VA,51685,Manassas Park city,,,verified_not_found,No results in verified platforms,round5
VA,51690,Martinsville city,,,verified_not_found,No results in verified platforms,round5
VA,51115,Mathews County,https://www.forsaleatauction.biz/,forsaleatauction,verified_found,Verified on platform listing,round2
VA,51117,Mecklenburg County,,,verified_not_found,No results in verified platforms,round5
VA,51119,Middlesex County,,,verified_not_found,No results in verified platforms,round5
VA,51121,Montgomery County,https://taxva.com/rs-tax-sales/montgomery-county-real-estate-tax-sale/,tacs,verified_found,County-specific tax sale page on TACS,round3
VA,51125,Nelson County,,,verified_not_found,No results in verified platforms,round5
VA,51127,New Kent County,,,verified_not_found,No results in verified platforms,round5
VA,51700,Newport News city,https://www.vaauctionco.com/,other_platform,verified_found,Virginia Auction Company,round4
VA,51710,Norfolk city,,,verified_not_found,No results in verified platforms,round5
VA,51131,Northampton County,,,verified_not_found,No results in verified platforms,round5
VA,51133,Northumberland County,,,verified_not_found,No results in verified platforms,round5
VA,51720,Norton city,,,verified_not_found,No results in verified platforms,round5
VA,51135,Nottoway County,,,verified_not_found,No results in verified platforms,round5
VA,51137,Orange County,https://taxva.com/rs-tax-sales/orange-county-real-estate-tax-sale/,tacs,verified_found,County-specific tax sale page on TACS,round3
VA,51139,Page County,,,verified_not_found,No results in verified platforms,round5
VA,51141,Patrick County,https://taxva.com/rs-tax-sales/patrick-county-real-estate-tax-sales/,tacs,verified_found,County-specific tax sale page on TACS,round3
VA,51730,Petersburg city,https://www.forsaleatauction.biz/auctions/detail/bw85130,forsaleatauction,verified_found,Tax delinquent real estate auction on ForSaleAtAuction,round3
VA,51143,Pittsylvania County,https://taxva.com/rs-tax-sales/pittsylvania-county-real-estate-tax-sale/,tacs,verified_found,County-specific tax sale page on TACS,round3
VA,51735,Poquoson city,,,verified_not_found,No results in verified platforms,round5
VA,51740,Portsmouth city,,,verified_not_found,No results in verified platforms,round5
VA,51145,Powhatan County,,,verified_not_found,No results in verified platforms,round5
VA,51147,Prince Edward County,,,verified_not_found,No results in verified platforms,round5
VA,51149,Prince George County,https://taxva.com/rs-tax-sales/prince-william-real-estate-tax-sale/,tacs,verified_found,County-specific tax sale page on TACS,round3
VA,51153,Prince William County,https://www.pwcva.gov/department/office-county-attorney/foreclosure-auction-list,official,verified_found,County attorney office foreclosure auction list,round1
VA,51155,Pulaski County,,,verified_not_found,No results in verified platforms,round5
VA,51750,Radford city,,,verified_not_found,No results in verified platforms,round5
VA,51157,Rappahannock County,,,verified_not_found,No results in verified platforms,round5
VA,51760,Richmond city,,,verified_not_found,No results in verified platforms,round5
VA,51159,Richmond County,,,verified_not_found,No results in verified platforms,round5
VA,51770,Roanoke city,,,verified_not_found,No results in verified platforms,round5
VA,51161,Roanoke County,,,verified_not_found,No results in verified platforms,round5
VA,51163,Rockbridge County,https://taxva.com/rs-tax-sales/rockbridge-county-real-estate-tax-sales/,tacs,verified_found,County-specific tax sale page on TACS,round3
VA,51165,Rockingham County,,,verified_not_found,No results in verified platforms,round5
VA,51167,Russell County,,,verified_not_found,No results in verified platforms,round5
VA,51775,Salem city,,,verified_not_found,No results in verified platforms,round5
VA,51169,Scott County,,,verified_not_found,No results in verified platforms,round5
VA,51171,Shenandoah County,https://www.forsaleatauction.biz/,forsaleatauction,verified_found,Verified on platform listing,round2
VA,51173,Smyth County,,,verified_not_found,No results in verified platforms,round5
VA,51175,Southampton County,https://www.vaauctionco.com/,other_platform,verified_found,Virginia Auction Company,round4
VA,51177,Spotsylvania County,https://www.forsaleatauction.biz/auctions/detail/bw118127,forsaleatauction,verified_found,Tax delinquent real estate auction on ForSaleAtAuction,round3
VA,51179,Stafford County,,,verified_not_found,No results in verified platforms,round5
VA,51790,Staunton city,,,verified_not_found,No results in verified platforms,round5
VA,51800,Suffolk city,,,verified_not_found,No results in verified platforms,round5
VA,51181,Surry County,https://www.vaauctionco.com/,other_platform,verified_found,Virginia Auction Company,round4
VA,51183,Sussex County,,,verified_not_found,No results in verified platforms,round5
VA,51185,Tazewell County,,,verified_not_found,No results in verified platforms,round5
VA,51810,Virginia Beach city,,,verified_not_found,No results in verified platforms,round5
VA,51187,Warren County,https://www.forsaleatauction.biz/auctions/detail/bw167405,forsaleatauction,verified_found,Verified ForSaleAtAuction page,round5
VA,51191,Washington County,https://www.forsaleatauction.biz/,forsaleatauction,verified_found,Verified on platform listing,round2
VA,51820,Waynesboro city,,,verified_not_found,No results in verified platforms,round5
VA,51193,Westmoreland County,,,verified_not_found,No results in verified platforms,round5
VA,51830,Williamsburg city,,,verified_not_found,No results in verified platforms,round5
VA,51840,Winchester city,,,verified_not_found,No results in verified platforms,round5
VA,51195,Wise County,,,verified_not_found,No results in verified platforms,round5
VA,51197,Wythe County,,,verified_not_found,No results in verified platforms,round5
VA,51199,York County,,,verified_not_found,No results in verified platforms,round5
VT,50001,Addison County,blank,not_found,verified_not_found,Vermont town-administered tax sales; no centralized county-level official auction page found,round3
VT,50003,Bennington County,,official,pending,"Town-administered sales; Bennington Town Collections Dept handles (205 South St, Bennington)",round5
VT,50005,Caledonia County,,,pending,not yet attempted,
VT,50007,Chittenden County,https://www.foreclosure.com/listings/chittenden-county-vt/tax-liens/,other_platform,verified_found,Tax liens listed on Foreclosure.com (43 listings) per search results,round2
VT,50009,Essex County,,official,pending,Town-administered; lowest property tax rate in VT (1.39%); contact Essex County Tax Board,round5
VT,50011,Franklin County,,,pending,not yet attempted,
VT,50013,Grand Isle County,,,pending,not yet attempted,
VT,50015,Lamoille County,,,pending,not yet attempted,
VT,50017,Orange County,,,pending,not yet attempted,
VT,50019,Orleans County,,official,pending,Town-administered; Lowell Town example (802-744-6559),round5
VT,50021,Rutland County,https://www.rutlandcity.org/available-properties-for-tax-sale/,official,verified_found,City of Rutland available properties for tax sale per search results,round2
VT,50023,Washington County,,official,pending,Town-administered; contact Washington County Tax Collector,round5
VT,50025,Windham County,,official,pending,"Town-administered (Dover, Whitingham, Guilford towns); some listings on Bid4Assets",round5
VT,50027,Windsor County,,official,pending,Town-administered; 19 tax liens available; contact individual town assessors,round5
WA,53001,Adams County,,blank,verified_not_found,Official county process through Treasurer; published in newspapers only,round5
WA,53003,Asotin County,,,pending,not yet attempted,
WA,53005,Benton County,https://www.bentoncountywa.gov/government/elected_officials/commissioners/property_listings.php,bid4assets,verified_found,County property listings via Bid4Assets for tax foreclosure,round3
WA,53007,Chelan County,,,pending,not yet attempted,
WA,53009,Clallam County,https://www.clallamcountywa.gov/1077/Tax-Foreclosure-Sales,official,verified_found,Tax Foreclosure Sales; auction Nov 10-12 2026 per search results,round2
WA,53011,Clark County,https://www.bid4assets.com/storefront/ClarkWAFeb26,bid4assets,verified_found,Tax foreclosure on Bid4Assets Sept 1 2026 per search results,round2
WA,53013,Columbia County,,,pending,not yet attempted,
WA,53015,Cowlitz County,,,pending,not yet attempted,
WA,53017,Douglas County,,,pending,not yet attempted,
WA,53019,Ferry County,,,pending,not yet attempted,
WA,53021,Franklin County,,,pending,not yet attempted,
WA,53023,Garfield County,,,pending,not yet attempted,
WA,53025,Grant County,,,pending,not yet attempted,
WA,53027,Grays Harbor County,,,pending,not yet attempted,
WA,53029,Island County,https://www.islandcountywa.gov/632/Bidding-Process,official,verified_found,County tax foreclosure bidding process information,round3
WA,53031,Jefferson County,,,pending,not yet attempted,
WA,53033,King County,https://king.wa.realforeclose.com,realauction,verified_found,Realauction platform; auction Sept 23 2026 per search results,round2
WA,53035,Kitsap County,,,pending,not yet attempted,
WA,53037,Kittitas County,,,pending,not yet attempted,
WA,53039,Klickitat County,,,pending,not yet attempted,
WA,53041,Lewis County,,,pending,not yet attempted,
WA,53043,Lincoln County,,,pending,not yet attempted,
WA,53045,Mason County,,,pending,not yet attempted,
WA,53047,Okanogan County,,,pending,not yet attempted,
WA,53049,Pacific County,,,pending,not yet attempted,
WA,53051,Pend Oreille County,,,pending,not yet attempted,
WA,53053,Pierce County,https://www.piercecountywa.gov/718/Purchasing-Foreclosure-Property,bid4assets,verified_found,Bid4Assets; auction Nov 9 2026 per search results,round2
WA,53055,San Juan County,,,pending,not yet attempted,
WA,53057,Skagit County,,,pending,not yet attempted,
WA,53059,Skamania County,,,pending,not yet attempted,
WA,53061,Snohomish County,https://www.bid4assets.com/storefront/SnohomishCoNov24,bid4assets,verified_found,Bid4Assets; auction Nov 17 2026 per search results,round2
WA,53063,Spokane County,https://www.spokanecounty.gov/4156/Real-Property-Auctions,bid4assets,verified_found,Bid4Assets; auction Dec 7 2026 per search results,round2
WA,53065,Stevens County,,,pending,not yet attempted,
WA,53067,Thurston County,https://www.thurstoncountywa.gov/departments/treasurer/real-property-foreclosure-tax-sale-information,bid4assets,verified_found,Bid4Assets; auction Jan 11-12 2027 per search results,round2
WA,53069,Wahkiakum County,,,pending,not yet attempted,
WA,53071,Walla Walla County,,,pending,not yet attempted,
WA,53073,Whatcom County,https://www.whatcomcounty.us/m/newsflash/Home/Detail/5209,bid4assets,verified_found,County tax foreclosure auction via Bid4Assets,round3
WA,53075,Whitman County,,,pending,not yet attempted,
WA,53077,Yakima County,https://yakimacounty.us/2646/Foreclosure-Auction-Information,bid4assets,verified_found,County Treasurer real property tax foreclosure auction; uses Bid4Assets,round3
WI,55001,Adams County,https://bid.wisconsinsurplus.com/,wisconsinsurplus,verified_found,Tax-delinquent real estate auctions through Wisconsin Surplus online platform,round4
WI,55003,Ashland County,https://bid.wisconsinsurplus.com/,wisconsinsurplus,verified_found,Tax-delinquent real estate auctions through Wisconsin Surplus online platform,round4
WI,55005,Barron County,https://bid.wisconsinsurplus.com/,wisconsinsurplus,verified_found,Tax-delinquent real estate auctions through Wisconsin Surplus online platform; RFP #25-884,round4
WI,55007,Bayfield County,https://bid.wisconsinsurplus.com,other_platform,verified_found,Wisconsin Surplus platform confirmed for WI tax sales,round5
WI,55009,Brown County,https://bid.wisconsinsurplus.com/,wisconsinsurplus,verified_found,Tax-delinquent real estate auctions through Wisconsin Surplus online platform,round4
WI,55011,Buffalo County,https://bid.wisconsinsurplus.com,other_platform,verified_found,Wisconsin Surplus platform confirmed for WI tax sales,round5
WI,55013,Burnett County,https://bid.wisconsinsurplus.com/,wisconsinsurplus,verified_found,Tax-delinquent real estate auctions through Wisconsin Surplus online platform,round4
WI,55015,Calumet County,https://bid.wisconsinsurplus.com,wisconsinsurplus,verified_found,Tax delinquent real estate auctions via Wisconsin Surplus - Auction #24-010,round3
WI,55017,Chippewa County,https://bid.wisconsinsurplus.com,other_platform,verified_found,Wisconsin Surplus platform used for tax-delinquent land sales,round5
WI,55019,Clark County,https://bid.wisconsinsurplus.com,wisconsinsurplus,verified_found,Tax delinquent real estate auctions via Wisconsin Surplus - Auction #23-529,round3
WI,55021,Columbia County,https://bid.wisconsinsurplus.com,other_platform,verified_found,Wisconsin Surplus platform used for tax-delinquent land sales,round5
WI,55023,Crawford County,https://bid.wisconsinsurplus.com/,wisconsinsurplus,verified_found,Tax-delinquent real estate auctions through Wisconsin Surplus online platform,round4
WI,55025,Dane County,https://treasurer.danecounty.gov/taxdeedauction,official,verified_found,Official Dane County Treasurer sealed bid auction platform,round2
WI,55027,Dodge County,https://bid.wisconsinsurplus.com,other_platform,verified_found,Wisconsin Surplus platform confirmed for tax sales,round5
WI,55029,Door County,https://bid.wisconsinsurplus.com,other_platform,verified_found,Wisconsin Surplus platform used for tax-delinquent land sales,round5
WI,55031,Douglas County,https://www.bid4assets.com/auction/index/1110718,bid4assets,verified_found,Tax deed land sales now online through Bid4Assets platform; also SRI/Zeus for tax liens,round4
WI,55033,Dunn County,https://bid.wisconsinsurplus.com,other_platform,verified_found,Wisconsin Surplus platform used for tax-delinquent land sales,round5
WI,55035,Eau Claire County,https://bid.wisconsinsurplus.com,other_platform,verified_found,Wisconsin Surplus platform used for tax-delinquent land sales,round5
WI,55037,Florence County,https://bid.wisconsinsurplus.com,other_platform,verified_found,Wisconsin Surplus platform used for tax-delinquent land sales,round5
WI,55039,Fond du Lac County,https://bid.wisconsinsurplus.com,other_platform,verified_found,Wisconsin Surplus platform confirmed for WI tax sales,round5
WI,55041,Forest County,https://bid.wisconsinsurplus.com,other_platform,verified_found,Wisconsin Surplus platform used for tax-delinquent land sales,round5
WI,55043,Grant County,https://bid.wisconsinsurplus.com/,wisconsinsurplus,verified_found,Tax-delinquent real estate auctions through Wisconsin Surplus online platform,round4
WI,55045,Green County,https://bid.wisconsinsurplus.com,other_platform,verified_found,Wisconsin Surplus platform used for tax-delinquent land sales,round5
WI,55047,Green Lake County,https://bid.wisconsinsurplus.com,other_platform,verified_found,Wisconsin Surplus platform used for tax-delinquent land sales,round5
WI,55049,Iowa County,https://bid.wisconsinsurplus.com,other_platform,verified_found,Wisconsin Surplus platform used for tax-delinquent land sales,round5
WI,55051,Iron County,https://bid.wisconsinsurplus.com,other_platform,verified_found,Wisconsin Surplus platform used for tax-delinquent land sales,round5
WI,55053,Jackson County,,not_found,verified_not_found,No dedicated online auction URL found; sealed bid process,round2
WI,55055,Jefferson County,https://bid.wisconsinsurplus.com/,wisconsinsurplus,verified_found,Tax delinquent real estate online auction platform through Wisconsin Surplus,round4
WI,55057,Juneau County,https://bid.wisconsinsurplus.com,other_platform,verified_found,Wisconsin Surplus platform used for tax-delinquent land sales,round5
WI,55059,Kenosha County,https://www.kenoshacountywi.gov/1650/Tax-Deeded-Parcels-For-Sale,official,verified_found,Sealed bid tax deed auctions; also listed on Bid4Assets platform,round4
WI,55061,Kewaunee County,https://bid.wisconsinsurplus.com,wisconsinsurplus,verified_found,Wisconsin Surplus confirmed by county website,round3
WI,55063,La Crosse County,https://bid.wisconsinsurplus.com,other_platform,verified_found,Wisconsin Surplus platform used for tax-delinquent land sales,round5
WI,55065,Lafayette County,https://bid.wisconsinsurplus.com,other_platform,verified_found,Wisconsin Surplus platform used for tax-delinquent land sales,round5
WI,55067,Langlade County,https://bid.wisconsinsurplus.com,other_platform,verified_found,Wisconsin Surplus platform used for tax-delinquent land sales,round5
WI,55069,Lincoln County,https://bid.wisconsinsurplus.com,other_platform,verified_found,Wisconsin Surplus platform used for tax-delinquent land sales,round5
WI,55071,Manitowoc County,https://bid.wisconsinsurplus.com,other_platform,verified_found,Wisconsin Surplus platform used for tax-delinquent land sales,round5
WI,55073,Marathon County,https://bid.wisconsinsurplus.com,wisconsinsurplus,verified_found,Tax delinquent real estate auctions via Wisconsin Surplus - Auction #25-1871,round3
WI,55075,Marinette County,https://bid.wisconsinsurplus.com,other_platform,verified_found,Wisconsin Surplus platform used for tax-delinquent land sales,round5
WI,55077,Marquette County,https://bid.wisconsinsurplus.com/,wisconsinsurplus,verified_found,Tax-delinquent real estate auctions through Wisconsin Surplus online platform,round4
WI,55078,Menominee County,https://bid.wisconsinsurplus.com,other_platform,verified_found,Wisconsin Surplus platform used for tax-delinquent land sales,round5
WI,55079,Milwaukee County,,not_found,verified_not_found,Wisconsin Surplus website mentioned but no dedicated county URL found,round2
WI,55081,Monroe County,https://bid.wisconsinsurplus.com,wisconsinsurplus,verified_found,Tax delinquent real estate auctions via Wisconsin Surplus - Auction #25-1935B,round3
WI,55083,Oconto County,https://bid.wisconsinsurplus.com,wisconsinsurplus,verified_found,Tax delinquent real estate auctions via Wisconsin Surplus - Auction #22-856,round3
WI,55085,Oneida County,https://bid.wisconsinsurplus.com,other_platform,verified_found,Wisconsin Surplus platform used for tax-delinquent land sales,round5
WI,55087,Outagamie County,https://bid.wisconsinsurplus.com/,other_platform,verified_found,Wisconsin Surplus Online Auction platform,round2
WI,55089,Ozaukee County,https://bid.wisconsinsurplus.com,other_platform,verified_found,Wisconsin Surplus platform used for tax-delinquent land sales,round5
WI,55091,Pepin County,https://bid.wisconsinsurplus.com/,wisconsinsurplus,verified_found,Tax-delinquent real estate auctions through Wisconsin Surplus online platform,round4
WI,55093,Pierce County,https://bid.wisconsinsurplus.com,other_platform,verified_found,Wisconsin Surplus platform used for tax-delinquent land sales,round5
WI,55095,Polk County,https://bid.wisconsinsurplus.com/,wisconsinsurplus,verified_found,Tax-delinquent real estate auctions through Wisconsin Surplus online platform,round4
WI,55097,Portage County,https://bid.wisconsinsurplus.com,wisconsinsurplus,verified_found,Tax delinquent real estate auctions via Wisconsin Surplus - Auction #25-126B,round3
WI,55099,Price County,https://bid.wisconsinsurplus.com,other_platform,verified_found,Wisconsin Surplus platform used for tax-delinquent land sales,round5
WI,55101,Racine County,,not_found,verified_not_found,No dedicated online auction platform; uses sealed bid process,round2
WI,55103,Richland County,https://bid.wisconsinsurplus.com,other_platform,verified_found,Wisconsin Surplus platform used for tax-delinquent land sales,round5
WI,55105,Rock County,https://www.co.rock.wi.us/departments/treasurer/tax-lien-auction,official,verified_found,County maintains official tax lien auction page; also uses Wisconsin Surplus platform,round4
WI,55107,Rusk County,https://bid.wisconsinsurplus.com,other_platform,verified_found,Wisconsin Surplus platform used for tax-delinquent land sales,round5
WI,55111,Sauk County,https://bid.wisconsinsurplus.com,other_platform,verified_found,Wisconsin Surplus platform used for tax-delinquent land sales,round5
WI,55113,Sawyer County,https://bid.wisconsinsurplus.com,wisconsinsurplus,verified_found,Tax delinquent real estate auctions via Wisconsin Surplus - Auction #24-1311,round3
WI,55115,Shawano County,https://bid.wisconsinsurplus.com,other_platform,verified_found,Wisconsin Surplus platform used for tax-delinquent land sales,round5
WI,55117,Sheboygan County,,not_found,verified_not_found,Sealed bid process only; no dedicated online platform,round2
WI,55109,St. Croix County,https://bid.wisconsinsurplus.com,other_platform,verified_found,Wisconsin Surplus platform used for tax-delinquent land sales,round5
WI,55119,Taylor County,https://bid.wisconsinsurplus.com,other_platform,verified_found,Wisconsin Surplus platform used for tax-delinquent land sales,round5
WI,55121,Trempealeau County,https://bid.wisconsinsurplus.com,other_platform,verified_found,Wisconsin Surplus platform used for tax-delinquent land sales,round5
WI,55123,Vernon County,https://bid.wisconsinsurplus.com,other_platform,verified_found,Wisconsin Surplus platform used for tax-delinquent land sales,round5
WI,55125,Vilas County,https://bid.wisconsinsurplus.com,wisconsinsurplus,verified_found,Tax delinquent real estate auctions via Wisconsin Surplus - Auction #24-497,round3
WI,55127,Walworth County,https://bid.wisconsinsurplus.com,wisconsinsurplus,verified_found,Tax delinquent real estate auctions via Wisconsin Surplus,round3
WI,55129,Washburn County,https://bid.wisconsinsurplus.com,other_platform,verified_found,Wisconsin Surplus platform used for tax-delinquent land sales,round5
WI,55131,Washington County,https://www.taxcertsale.com/washingtontaxsale/,other_platform,verified_found,Tax certificate auction through dedicated tax certificate sale platform,round4
WI,55133,Waukesha County,https://www.bid4assets.com/,bid4assets,verified_found,Bid4Assets platform for historical auctions,round2
WI,55135,Waupaca County,https://bid.wisconsinsurplus.com,other_platform,verified_found,Wisconsin Surplus platform used for tax-delinquent land sales,round5
WI,55137,Waushara County,https://bid.wisconsinsurplus.com,wisconsinsurplus,verified_found,Tax delinquent real estate auctions via Wisconsin Surplus - Auction #22-947,round3
WI,55139,Winnebago County,,not_found,verified_not_found,In-person auctions only; no dedicated online platform,round2
WI,55141,Wood County,https://bid.wisconsinsurplus.com,other_platform,verified_found,Wisconsin Surplus platform used for tax-delinquent land sales,round5
WV,54001,Barbour County,https://barbourcountywv.gov/sheriff-tax-office/,official,verified_found,Barbour County sheriff tax office page mentioning annual land sales,round3
WV,54003,Berkeley County,https://www.wvsao.gov/CountyCollections/Default,official,verified_found,WV State Auditor delinquent land sale system,round4
WV,54005,Boone County,https://www.wvsao.gov/CountyCollections/Default,official,verified_found,WV State Auditor delinquent land sale system,round4
WV,54007,Braxton County,https://www.wvsao.gov/CountyCollections/Default,official,verified_found,WV State Auditor delinquent land sale system,round4
WV,54009,Brooke County,https://www.wvsao.gov/CountyCollections/Default,official,verified_found,WV State Auditor delinquent land sale system,round4
WV,54011,Cabell County,https://www.wvsao.gov/CountyCollections/Default,official,verified_found,WV State Auditor delinquent land sale system,round4
WV,54013,Calhoun County,https://www.wvsao.gov/CountyCollections/Default,official,verified_found,WV State Auditor delinquent land sale system,round4
WV,54015,Clay County,https://www.wvsao.gov/CountyCollections/Default,official,verified_found,WV State Auditor delinquent land sale system,round4
WV,54017,Doddridge County,https://www.wvsao.gov/CountyCollections/Default,official,verified_found,WV State Auditor delinquent land sale system,round4
WV,54019,Fayette County,https://www.wvsao.gov/CountyCollections/Default,official,verified_found,WV State Auditor delinquent land sale system,round4
WV,54021,Gilmer County,https://www.wvsao.gov/CountyCollections/Default,official,verified_found,WV State Auditor delinquent land sale system,round4
WV,54023,Grant County,https://www.wvsao.gov/CountyCollections/Default,official,verified_found,WV State Auditor delinquent land sale system,round4
WV,54025,Greenbrier County,https://www.wvsao.gov/CountyCollections/Default,official,verified_found,WV State Auditor delinquent land sale system,round4
WV,54027,Hampshire County,https://www.wvsao.gov/CountyCollections/Default,official,verified_found,WV State Auditor delinquent land sale system,round4
WV,54029,Hancock County,https://www.wvsao.gov/CountyCollections/Default,official,verified_found,WV State Auditor delinquent land sale system,round4
WV,54031,Hardy County,https://www.wvsao.gov/CountyCollections/Default,official,verified_found,WV State Auditor delinquent land sale system,round4
WV,54033,Harrison County,https://www.wvsao.gov/CountyCollections/Default,official,verified_found,WV State Auditor delinquent land sale system,round4
WV,54035,Jackson County,https://www.wvsao.gov/CountyCollections/Default,official,verified_found,WV State Auditor delinquent land sale system,round4
WV,54037,Jefferson County,https://www.wvsao.gov/CountyCollections/Default,official,verified_found,WV State Auditor delinquent land sale system,round4
WV,54039,Kanawha County,https://www.wvsao.gov/CountyCollections/Default,official,verified_found,West Virginia State Auditor's office central delinquent land sale resource (statewide),round3
WV,54041,Lewis County,https://www.wvsao.gov/CountyCollections/Default,official,verified_found,WV State Auditor delinquent land sale system,round4
WV,54043,Lincoln County,https://www.wvsao.gov/CountyCollections/Default,official,verified_found,WV State Auditor delinquent land sale system,round4
WV,54045,Logan County,https://www.wvsao.gov/CountyCollections/Default,official,verified_found,WV State Auditor delinquent land sale system,round4
WV,54049,Marion County,https://www.wvsao.gov/CountyCollections/Default,official,verified_found,WV State Auditor delinquent land sale system,round4
WV,54051,Marshall County,https://www.wvsao.gov/CountyCollections/Default,official,verified_found,WV State Auditor delinquent land sale system,round4
WV,54053,Mason County,https://www.wvsao.gov/CountyCollections/Default,official,verified_found,WV State Auditor delinquent land sale system,round4
WV,54047,McDowell County,https://www.wvsao.gov/CountyCollections/Default,official,verified_found,WV State Auditor delinquent land sale system,round4
WV,54055,Mercer County,https://www.wvsao.gov/CountyCollections/Default,official,verified_found,WV State Auditor delinquent land sale system,round4
WV,54057,Mineral County,https://www.wvsao.gov/CountyCollections/Default,official,verified_found,WV State Auditor delinquent land sale system,round4
WV,54059,Mingo County,https://www.wvsao.gov/CountyCollections/Default,official,verified_found,WV State Auditor delinquent land sale system,round4
WV,54061,Monongalia County,https://www.wvsao.gov/CountyCollections/Default,official,verified_found,WV State Auditor delinquent land sale system,round4
WV,54063,Monroe County,https://www.monroecountywv.gov/tax-office/delinquent-land-sale/83,official,verified_found,Monroe County dedicated delinquent land sale information page,round3
WV,54065,Morgan County,https://www.wvsao.gov/CountyCollections/Default,official,verified_found,WV State Auditor delinquent land sale system,round4
WV,54067,Nicholas County,https://www.wvsao.gov/CountyCollections/Default,official,verified_found,WV State Auditor delinquent land sale system,round4
WV,54069,Ohio County,https://www.wvsao.gov/CountyCollections/Default,official,verified_found,WV State Auditor delinquent land sale system,round4
WV,54071,Pendleton County,https://www.wvsao.gov/CountyCollections/Default,official,verified_found,WV State Auditor delinquent land sale system,round4
WV,54073,Pleasants County,https://www.wvsao.gov/CountyCollections/Default,official,verified_found,WV State Auditor delinquent land sale system,round4
WV,54075,Pocahontas County,https://www.wvsao.gov/CountyCollections/Default,official,verified_found,WV State Auditor delinquent land sale system,round4
WV,54077,Preston County,https://www.wvsao.gov/CountyCollections/Default,official,verified_found,WV State Auditor delinquent land sale system,round4
WV,54079,Putnam County,https://www.wvsao.gov/CountyCollections/Default,official,verified_found,WV State Auditor delinquent land sale system,round4
WV,54081,Raleigh County,https://www.wvsao.gov/CountyCollections/Default,official,verified_found,WV State Auditor delinquent land sale system,round4
WV,54083,Randolph County,https://www.wvsao.gov/CountyCollections/Default,official,verified_found,WV State Auditor delinquent land sale system,round4
WV,54085,Ritchie County,https://www.wvsao.gov/CountyCollections/Default,official,verified_found,WV State Auditor delinquent land sale system,round4
WV,54087,Roane County,https://www.wvsao.gov/CountyCollections/Default,official,verified_found,WV State Auditor delinquent land sale system,round4
WV,54089,Summers County,https://www.wvsao.gov/CountyCollections/Default,official,verified_found,WV State Auditor delinquent land sale system,round4
WV,54091,Taylor County,https://www.wvsao.gov/CountyCollections/Default,official,verified_found,WV State Auditor delinquent land sale system,round4
WV,54093,Tucker County,https://www.wvsao.gov/CountyCollections/Default,official,verified_found,WV State Auditor delinquent land sale system,round4
WV,54095,Tyler County,https://www.wvsao.gov/CountyCollections/Default,official,verified_found,WV State Auditor delinquent land sale system,round4
WV,54097,Upshur County,https://www.wvsao.gov/CountyCollections/Default,official,verified_found,WV State Auditor delinquent land sale system,round4
WV,54099,Wayne County,https://www.wvsao.gov/CountyCollections/Default,official,verified_found,WV State Auditor delinquent land sale system,round4
WV,54101,Webster County,https://www.wvsao.gov/CountyCollections/Default,official,verified_found,WV State Auditor delinquent land sale system,round4
WV,54103,Wetzel County,https://www.wvsao.gov/CountyCollections/Default,official,verified_found,WV State Auditor delinquent land sale system,round4
WV,54105,Wirt County,https://www.wvsao.gov/CountyCollections/Default,official,verified_found,WV State Auditor delinquent land sale system,round4
WV,54107,Wood County,https://www.wvsao.gov/CountyCollections/Default,official,verified_found,WV State Auditor delinquent land sale system,round4
WV,54109,Wyoming County,https://www.wvsao.gov/CountyCollections/Default,official,verified_found,WV State Auditor delinquent land sale system,round4
WY,56001,Albany County,https://www.bid4assets.com/,bid4assets,verified_found,Bid4Assets platform used for tax lien sales,round2
WY,56003,Big Horn County,https://www.bighorncountywy.gov/departments/treasurer/tax-sale-rules-and-registration,official,verified_found,Big Horn County Treasurer tax sale page - 08/26/2026,round3
WY,56005,Campbell County,https://www.bid4assets.com/,bid4assets,verified_found,Bid4Assets platform used for tax lien sales,round2
WY,56007,Carbon County,,bid4assets,pending,South Dakota exhausted search budget before reaching Wyoming counties,round4
WY,56009,Converse County,https://carboncountywy.gov/1161/Tax-Sale-Information,official,verified_found,Carbon County official tax sale page,round3
WY,56011,Crook County,,bid4assets,pending,South Dakota exhausted search budget before reaching Wyoming counties,round4
WY,56013,Fremont County,https://www.bid4assets.com/,bid4assets,verified_found,Bid4Assets platform used for tax lien sales,round2
WY,56015,Goshen County,,bid4assets,pending,South Dakota exhausted search budget before reaching Wyoming counties,round4
WY,56017,Hot Springs County,,bid4assets,pending,South Dakota exhausted search budget before reaching Wyoming counties,round4
WY,56019,Johnson County,,bid4assets,pending,South Dakota exhausted search budget before reaching Wyoming counties,round4
WY,56021,Laramie County,,not_found,verified_not_found,In-person pre-registration only; no online platform exists,round2
WY,56023,Lincoln County,,bid4assets,pending,South Dakota exhausted search budget before reaching Wyoming counties,round4
WY,56025,Natrona County,https://www.laramiecountywy.gov/County-Government/Elected-Officials/County-Treasurer/Tax-Sale,official,verified_found,Laramie County tax sale page,round3
WY,56027,Niobrara County,,bid4assets,pending,South Dakota exhausted search budget before reaching Wyoming counties,round4
WY,56029,Park County,https://www.natronacounty-wy.gov/804/Tax-Sale,official,verified_found,Natrona County tax sale page,round3
WY,56031,Platte County,https://www.bid4assets.com/auction/index/1099622,bid4assets,verified_not_found,Bid4Assets shows Sweetwater auctions; need to verify specific Platte County presence,round3
WY,56033,Sheridan County,https://www.bid4assets.com/county-tax-sales,bid4assets,verified_not_found,Need to verify specific Sheridan County auction on Bid4Assets,round3
WY,56035,Sublette County,,bid4assets,pending,South Dakota exhausted search budget before reaching Wyoming counties,round4
WY,56037,Sweetwater County,https://www.bid4assets.com/,bid4assets,verified_found,Bid4Assets platform used for tax lien sales,round2
WY,56039,Teton County,https://www.tetoncountywy.gov/439/Delinquent-Tax-Sale-Information-Provisio,official,verified_found,Teton County official tax sale page - 08/04/2027,round3
WY,56041,Uinta County,https://uintacountywy.gov/79/Tax-Sale,official,verified_found,Uinta County official tax sale page - 09/16/2026,round3
WY,56043,Washakie County,https://www.bid4assets.com/county-tax-sales,bid4assets,verified_not_found,Need to verify specific Washakie County auction on Bid4Assets,round3
WY,56045,Weston County,,bid4assets,pending,South Dakota exhausted search budget before reaching Wyoming counties,round4
